index,true_label,model_prob,local_fidelity_r2
209,1,0.4641025960445404,0.7802161344509112
293,0,0.021284624934196472,0.740616666309019
339,0,0.41923660039901733,0.7312295296526278
347,0,0.05664915218949318,0.7865391105325902
365,0,0.020091313868761063,0.7229384670193244
437,0,0.7296185493469238,0.7784163122706911
596,0,0.08985616266727448,0.7547381102896016
617,0,0.09692640602588654,0.7755932315345724
705,1,0.9784828424453735,0.7785005211102314
786,0,0.018602808937430382,0.7450581262839895
805,0,0.10577601194381714,0.7340810125419974
821,0,0.02966601401567459,0.7861622882888375
838,0,0.009202241897583008,0.7233040724213828
845,0,0.06666930019855499,0.7543891910529386
858,0,0.050412777811288834,0.7458335986652324
1067,0,0.024788452312350273,0.7863766762812592
1088,1,0.23457063734531403,0.7524235752827795
1155,0,0.03209341689944267,0.7776859987237595
1262,1,0.8964964747428894,0.7991961245915524
1277,1,0.07453592121601105,0.7296917355736957
1278,1,0.5399295687675476,0.7670511644189482
1285,0,0.046415071934461594,0.7872921061514105
1559,0,0.7633311748504639,0.7546913525650254
1597,0,0.47576767206192017,0.7777177137871594
1638,0,0.012761974707245827,0.7408072790198559
1667,0,0.01514193881303072,0.7413610593981341
1687,1,0.3672252893447876,0.7767437740389236
1744,0,0.05444617196917534,0.7758829883334748
1807,1,0.8513686060905457,0.7660212255556424
1854,0,0.05245246738195419,0.725950303053088
1958,0,0.010672817938029766,0.7544387624045781
1999,0,0.007914675399661064,0.7462355620114371
2023,1,0.9905645847320557,0.7925457243558519
2036,0,0.011068458668887615,0.7082522343094906
2063,0,0.03761301189661026,0.7474220597661831
2127,1,0.9947834610939026,0.8077377835072326
2159,1,0.9959130883216858,0.7852371352184333
2172,0,0.11379504203796387,0.763465043399804
2226,0,0.9728375673294067,0.8103932548399747
2230,0,0.036604538559913635,0.7886634939633652
2367,0,0.01826968789100647,0.7494169037845471
2416,0,0.04634496942162514,0.7728713091309406
2515,0,0.4294252395629883,0.754053865160937
2608,0,0.060616880655288696,0.7200461172911417
2618,0,0.2408873736858368,0.7845343996122573
2667,0,0.06228509172797203,0.7683953168095156
2674,0,0.020858008414506912,0.7395415773016685
2701,0,0.4488922655582428,0.768003082674189
2733,0,0.08468815684318542,0.756261684158309
2799,1,0.5391592383384705,0.7625046953088008
2906,1,0.9162046909332275,0.794293097589591
2934,1,0.9058365225791931,0.8005300498097294
3023,0,0.3631330132484436,0.7343830354019238
3036,0,0.21457524597644806,0.7816891168657467
3076,0,0.032239437103271484,0.7394311507360986
3185,0,0.3744373023509979,0.7656162633393414
3310,0,0.03687995672225952,0.7453684729597004
3314,0,0.06679842621088028,0.7672771296518079
3358,0,0.16676637530326843,0.7522598293582062
3362,0,0.027727609500288963,0.7498797473761842
3391,0,0.8957897424697876,0.7799114406188837
3432,0,0.01704302430152893,0.6986103859386256
3503,1,0.5726953744888306,0.7668921137888713
3575,0,0.49546071887016296,0.7849448011056313
3646,0,0.050661105662584305,0.7714721663255122
3724,0,0.019785944372415543,0.7420954156840275
3794,0,0.059505246579647064,0.7957914868896427
4031,1,0.9887480735778809,0.7689977744270052
4070,0,0.5114127993583679,0.7898446453945712
4073,0,0.05311579257249832,0.7499792331105379
4109,0,0.0387057401239872,0.7534932051094931
4160,1,0.11230583488941193,0.7902819575652975
4189,0,0.05345287546515465,0.779402778418991
4194,0,0.07228929549455643,0.7799940535708999
4273,0,0.03753799945116043,0.7476912022859741
4308,0,0.8939020037651062,0.7741089030467789
4342,1,0.9877976775169373,0.8002658953278151
4413,0,0.17551128566265106,0.7698405940558851
4514,1,0.08059639483690262,0.7418031165169829
4596,0,0.03894162178039551,0.7563444246432991
4657,0,0.04378287121653557,0.7537273650598442
4699,1,0.40570059418678284,0.7721896069170264
4714,0,0.00980583019554615,0.721022269963238
4751,0,0.026011597365140915,0.7329795415638878
4922,0,0.031549468636512756,0.7549547035009745
5168,0,0.07814759761095047,0.764291971326665
5217,0,0.09909480065107346,0.7739121257219612
5281,0,0.049372248351573944,0.75561991666713
5361,1,0.6996320486068726,0.7634907904628634
5378,0,0.07447382807731628,0.756489932505295
5381,0,0.20578335225582123,0.7436314700386755
5515,0,0.035705070942640305,0.7335067405928677
5535,0,0.12286233901977539,0.7359578553438901
5638,0,0.033029649406671524,0.764326796686548
5655,0,0.02000432461500168,0.7389993352055347
5729,0,0.010253333486616611,0.7116005397825537
5738,0,0.017279531806707382,0.7292339274820331
5744,0,0.01562013290822506,0.7567092984367482
5772,0,0.08765091001987457,0.7732922340864691
5775,1,0.4002888798713684,0.7620314463332959
5795,0,0.04847588762640953,0.7682593890312146
5825,0,0.5662237405776978,0.742151298540543
5833,1,0.9950297474861145,0.8089078409173613
5935,0,0.013531340286135674,0.7690788128161907
6003,0,0.021271750330924988,0.7566234273679207
6066,0,0.04270430654287338,0.7466706432533384
6109,0,0.009591271169483662,0.7347278383152711
6246,0,0.8283910155296326,0.7710160663492717
6254,0,0.021880872547626495,0.7667103230757162
6295,0,0.018848367035388947,0.7695383083398145
6369,0,0.04178003594279289,0.7486975119918615
6400,0,0.028587505221366882,0.7284407298800614
6401,0,0.010103326290845871,0.6890759559557036
6404,0,0.010957468301057816,0.7299689152003095
6419,0,0.010547458194196224,0.7564653433291868
6538,0,0.05116071179509163,0.7465819072102606
6543,0,0.01866031251847744,0.7675131038041046
6563,0,0.06822538375854492,0.7475732023084781
6564,0,0.012630270794034004,0.7533804844121789
6756,0,0.008753850124776363,0.7372555926146496
6768,0,0.1423136442899704,0.732052684078806
6823,0,0.15603487193584442,0.7462955113755749
6927,0,0.013488830998539925,0.7324945984935907
6943,0,0.016344275325536728,0.7176419479600845
6944,0,0.017105260863900185,0.7364566804681298
6961,0,0.016377249732613564,0.7848616520423066
6963,0,0.025250956416130066,0.7635210059883951
6977,0,0.8780553340911865,0.7659071721616901
7062,0,0.024479910731315613,0.7623954972617524
7079,0,0.018704382702708244,0.7245780501111396
7086,0,0.02922804467380047,0.7329947406422472
7101,1,0.0980316624045372,0.743655544122031
7187,0,0.06287451088428497,0.7735846893048529
7220,1,0.05992953106760979,0.7438209977640138
7258,0,0.02266841195523739,0.7449862926303492
7289,0,0.019538864493370056,0.763067079952763
7334,0,0.017114169895648956,0.7594878419553505
7362,0,0.03283393383026123,0.7348437247417111
7434,0,0.08195650577545166,0.7610160631392846
7596,0,0.3910543918609619,0.7974993702040056
7611,0,0.9008077383041382,0.7859163850119252
7696,1,0.03416973352432251,0.7776396386532148
7731,0,0.040117185562849045,0.7707730021049293
7822,0,0.8330633640289307,0.7586692391890817
7826,0,0.03001355193555355,0.7805748412594563
8046,1,0.1209089383482933,0.7618498137970011
8080,0,0.051135092973709106,0.7588996435198041
8111,0,0.2573295831680298,0.7875088469563841
8148,0,0.7443824410438538,0.7944807145842072
8162,0,0.7516365647315979,0.7739959817546472
8186,0,0.05598783493041992,0.772821042253597
8206,0,0.43484288454055786,0.7717232402939744
8260,0,0.8964198231697083,0.7664632703555547
8363,1,0.7853736877441406,0.795234634694277
8372,0,0.14802177250385284,0.7716333395983253
8427,0,0.024347208440303802,0.7583234760322624
8454,1,0.9797589778900146,0.7778124370007022
8525,0,0.5572439432144165,0.7778468471028185
8541,1,0.9906648397445679,0.8145957556556738
8546,0,0.8485170006752014,0.7814774712402717
8555,0,0.3839481472969055,0.7631868188284308
8579,0,0.4433594048023224,0.7892308957436542
8673,1,0.9173030257225037,0.7868946615573704
8718,0,0.34130632877349854,0.7756893397707242
8886,0,0.9621347784996033,0.024369478323884586
8901,0,0.9927088022232056,0.7875286976065203
9056,0,0.13295377790927887,0.7616026978844195
9112,0,0.9804178476333618,0.792429888313778
9175,1,0.9937418103218079,0.8099611065067861
9211,0,0.4946470260620117,0.7745789367947474
9269,0,0.14206044375896454,0.756702619864396
9283,1,0.8636767268180847,0.7781712783381484
9338,1,0.8291593194007874,0.7490661863835919
9383,1,0.9851357340812683,0.8455256582619457
9427,0,0.20146028697490692,0.7881072739001114
9428,0,0.08411192148923874,0.7674864093476101
9467,0,0.500106930732727,0.7480511514814323
9486,0,0.015238314867019653,0.7531617377352633
9511,0,0.07064954936504364,0.7826667101670626
9519,0,0.2763437032699585,0.7641018606058428
9566,0,0.5743452906608582,0.7709466089195622
9610,0,0.5766333937644958,0.7655013114747644
9653,0,0.15285848081111908,0.7402494055978581
9663,0,0.48273956775665283,0.7929706347945447
9738,0,0.014554396271705627,0.7621781351996193
9746,0,0.14425115287303925,0.7711187370166325
9750,0,0.02206256240606308,0.7685550470400174
9755,0,0.029881175607442856,0.7832939025302978
9798,0,0.07889590412378311,0.775582606377506
9902,0,0.948316216468811,0.7909734186018518
9937,1,0.4852173924446106,0.8051134704117618
10018,0,0.6378349661827087,0.7585296125820101
10051,0,0.04313885048031807,0.7567759350172367
10157,0,0.3293690085411072,0.7776419705207109
10187,0,0.04300506412982941,0.7530878983830788
10292,1,0.9602556228637695,0.7657878570975718
10342,1,0.9824693202972412,0.7975543061772352
10349,0,0.018968667834997177,0.7387502295949431
10496,0,0.05432862415909767,0.764612048983569
10549,0,0.02151394635438919,0.7759136762656348
10570,0,0.018493033945560455,0.7032219708233572
10577,0,0.014602298848330975,0.7552789911347341
10583,0,0.01210944727063179,0.7690318181901689
10615,0,0.013984913937747478,0.7815069687709524
10774,0,0.43732455372810364,0.7878056545190749
10868,0,0.05808877944946289,0.7383549700753689
10954,0,0.02713899314403534,0.7499499071269995
10958,0,0.028476208448410034,0.7489010638658925
10959,1,0.010693797841668129,0.7156974237003142
11013,0,0.35638856887817383,0.7553176978199176
11066,0,0.025737592950463295,0.7521800591040434
11117,0,0.15297070145606995,0.7374392374362433
11136,1,0.960035502910614,0.8051615397488222
11141,0,0.18620476126670837,0.7548432794645221
11162,0,0.014225608669221401,0.7651541388938925
11166,1,0.017940979450941086,0.7837122196738493
11175,0,0.0865783542394638,0.7513685736424318
11185,0,0.05753476172685623,0.7608149082521904
11218,0,0.03577636182308197,0.7594360648033784
11276,0,0.02312253788113594,0.7411733685294396
11293,0,0.9842759370803833,0.812148722744618
11294,0,0.06332989037036896,0.7578174445076348
11394,0,0.10484864562749863,0.7830208899675366
11403,0,0.1282704770565033,0.7376209228348724
11502,0,0.01132236048579216,0.6998533697063785
11508,0,0.050779033452272415,0.7580209911765892
11512,0,0.008702737279236317,0.7074013979787024
11513,0,0.009052564390003681,0.7279813128865715
11526,0,0.3437959551811218,0.771313872299237
11716,0,0.08846674114465714,0.7623879163616587
11781,0,0.01950647123157978,0.7504014288413698
11860,0,0.08515436202287674,0.7387423530775938
11942,0,0.031749460846185684,0.7645389549852932
11964,0,0.050082772970199585,0.7390710582461565
11997,0,0.13137832283973694,0.7706898620272877
12057,0,0.011425084434449673,0.7094218554639222
12120,0,0.019843600690364838,0.7598773472729066
12192,0,0.020051779225468636,0.7188807236343185
12224,0,0.011994341388344765,0.7484986465380661
12233,0,0.06303484737873077,0.7547251665462682
12235,0,0.021072812378406525,0.7490675167042169
12236,0,0.029332106932997704,0.7825848897479447
12256,0,0.4963257610797882,0.7646961715304519
12279,0,0.03271828591823578,0.7535762986198281
12358,1,0.9829370379447937,0.8006262069869934
12385,1,0.9947335720062256,0.7934773633430368
12440,0,0.023234006017446518,0.7668422595393201
12515,0,0.35751277208328247,0.7690174487751329
12538,1,0.7476292848587036,0.786870701535196
12574,0,0.28347542881965637,0.7434153615699379
12580,1,0.529259204864502,0.7891925860141833
12608,0,0.23071689903736115,0.7760054557836821
12611,0,0.23140375316143036,0.7345637253257238
12644,0,0.05588987097144127,0.7869232292321439
12766,0,0.9662903547286987,0.7901673866798562
12803,1,0.9641308188438416,0.8020063084604359
12823,0,0.9196698069572449,0.8007692706055408
12849,1,0.9551215171813965,0.7680557645681896
12918,0,0.92170250415802,0.802279385497451
12926,0,0.086597740650177,0.7727485101089338
12963,0,0.038886722177267075,0.7417439602324324
12999,1,0.99517422914505,0.7865665156892453
13037,0,0.7635316252708435,0.8122881699368741
13077,0,0.22666306793689728,0.7744117523038707
13101,0,0.9086109399795532,0.7982646003436054
13102,0,0.10335910320281982,0.7405119298461504
13135,0,0.8809102773666382,0.791015755784879
13192,0,0.0389104038476944,0.7444801975261518
13205,1,0.8906216025352478,0.7950451529947045
13206,0,0.5288723707199097,0.7821987129813927
13262,0,0.6747336983680725,0.7879582023547654
13278,0,0.019610069692134857,0.7619554743299597
13350,0,0.6980094909667969,0.7666080131171601
13402,0,0.90421462059021,0.7877045198007353
13413,1,0.9856023192405701,0.7946377657344786
13420,0,0.901869535446167,0.7825164906922905
13600,1,0.9923461675643921,0.7928628323896414
13683,1,0.9789688587188721,0.7954307990323394
13688,0,0.9642215371131897,0.7946088306994958
13914,0,0.29340454936027527,0.7814386558050889
13939,0,0.9605135917663574,0.7707022660955014
13940,1,0.9903941750526428,0.8094949009571517
14022,0,0.9014093279838562,0.8040026215827867
14036,0,0.9511624574661255,0.8109082152465589
14043,1,0.9932510256767273,0.8432505202289793
14058,0,0.9259257912635803,0.7908117064507663
14106,0,0.1913299560546875,0.7645938466423277
14112,1,0.5315699577331543,0.7707276334193207
14222,0,0.9895467162132263,0.788282952799069
14238,0,0.9381257891654968,0.7711916695397378
14384,0,0.7902681827545166,0.7836173614814491
14441,0,0.2110595405101776,0.7851798366529926
14462,1,0.9392770528793335,0.7547588313807541
14482,0,0.49401965737342834,0.7711163217194338
14571,0,0.14323902130126953,0.7599231866502849
14579,0,0.11339887231588364,0.7781469270353496
14594,0,0.9768194556236267,0.7879129256058728
14607,0,0.1636631339788437,0.7792771030040231
14615,1,0.9819614291191101,0.797008450620674
14651,1,0.9448559880256653,0.7699690906297618
14671,1,0.9928315877914429,0.7808300080804794
14697,0,0.6444724202156067,0.7701941782320638
14760,0,0.9555051326751709,0.769191070519474
14851,0,0.7465113997459412,0.7966845012702877
14865,0,0.27086853981018066,0.7635403236401863
14872,0,0.22429198026657104,0.780597093855344
14938,1,0.9947471022605896,0.8106896402702664
15069,0,0.9936761260032654,0.8067707273606679
15112,0,0.9913598895072937,0.814825734429418
15135,0,0.06934620440006256,0.7466403082832818
15145,1,0.9329822063446045,0.784483464729309
15147,1,0.9957367181777954,0.7969944305436184
15165,0,0.6281740069389343,0.7733920371551964
15235,0,0.7748391628265381,0.7528804419090579
15245,1,0.9757330417633057,0.8019085077927463
15271,0,0.29107704758644104,0.7576782788361882
15356,0,0.8428321480751038,0.7905103458459583
15460,1,0.5990103483200073,0.7388587607918282
15506,0,0.9573736786842346,0.7801044121975456
15572,0,0.874760091304779,0.7753977657083843
15676,0,0.954643189907074,0.7691713554301738
15753,0,0.8842374086380005,0.767384381205592
15852,0,0.22893577814102173,0.7648632197237515
15864,0,0.6668386459350586,0.7671194632762652
15877,0,0.4233452081680298,0.7794929089466072
15906,1,0.9690439105033875,0.8067707108754516
15938,1,0.6934282779693604,0.7687614791806718
15942,0,0.06328649818897247,0.7713125985583227
16040,0,0.9727553129196167,0.8119261670587232
16133,1,0.9838606119155884,0.7971432158490014
16149,0,0.729103147983551,0.812495205499973
16187,0,0.5706882476806641,0.7708044776157706
16204,0,0.6529258489608765,0.776343881174095
16214,0,0.22184422612190247,0.7547617222554334
16221,0,0.9853630065917969,0.8142601603022028
16284,0,0.8466376662254333,0.767638929016796
16334,1,0.8057947158813477,0.7851344399380605
16441,0,0.12194645404815674,0.758321111632155
16586,1,0.907898485660553,0.8166560795910135
16687,1,0.9891959428787231,0.7736493536727843
16763,0,0.7509607672691345,0.7791030801820347
16801,1,0.9931051135063171,0.7878806902469467
16863,0,0.8786213994026184,0.7871768840060581
16936,0,0.9320960640907288,0.7696701343181349
17035,0,0.9791208505630493,0.8157103200689515
17052,0,0.13043047487735748,0.7610429866830103
17059,0,0.2622813582420349,0.8012617427971486
17087,0,0.04388866573572159,0.7501522838316635
17152,0,0.9876153469085693,0.7541467317836301
17182,0,0.6199917197227478,0.7726499033250448
17240,0,0.09220180660486221,0.7866022791703157
17263,1,0.9773264527320862,0.7899554291851874
17425,0,0.36724430322647095,0.7698185165622848
17469,0,0.16515637934207916,0.7575526401499588
17591,1,0.9928514957427979,0.8321367634275698
17624,0,0.9733683466911316,0.8148112120658046
17656,0,0.036794401705265045,0.7595672745344904
17685,0,0.05448261648416519,0.7608267946559643
17690,0,0.9828025698661804,0.8128748629090843
17759,0,0.6124840974807739,0.7678359980932654
17814,1,0.561521053314209,0.7934569317686457
17841,0,0.09422948956489563,0.7460888698645958
17864,0,0.1188645213842392,0.7765788363954259
18020,0,0.25684961676597595,0.7781755075793937
18030,1,0.9793137907981873,0.8037519015815974
18044,1,0.9892416596412659,0.7767421065496514
18045,0,0.9858287572860718,0.7851972377730859
18068,0,0.07758907228708267,0.744907144722611
18070,1,0.8548271059989929,0.8138043414686744
18086,1,0.9929689764976501,0.8255903111379868
18230,0,0.8889671564102173,0.8142466492875695
18354,0,0.5582245588302612,0.7571341944493355
18390,0,0.04075467586517334,0.7551042635742068
18428,1,0.4432659149169922,0.7650722870948617
18433,0,0.11647865176200867,0.7846435483016592
18529,0,0.7102228403091431,0.8004739863436675
18536,0,0.042879242449998856,0.7528907017810655
18585,0,0.1385658085346222,0.7270289760827364
18590,0,0.026028146967291832,0.7512929814803326
18650,0,0.0648311898112297,0.7474192574523699
18741,0,0.05650981888175011,0.7761393572284105
18762,0,0.04337227717041969,0.7820576097625215
18838,0,0.2793765962123871,0.7421663620680251
18858,1,0.18781191110610962,0.7558809576502609
18879,0,0.02997603639960289,0.7268197141531254
18939,0,0.014011990278959274,0.7475274192949037
18945,0,0.05051669850945473,0.7356379413954912
18969,0,0.9651919603347778,0.7799740444140785
18978,0,0.055042799562215805,0.7583529518953257
19024,1,0.5799872875213623,0.7912802015193382
19038,0,0.05675940215587616,0.772987437793434
19114,0,0.8530556559562683,0.7739246782121908
19115,0,0.04572651907801628,0.748884140850795
19203,0,0.49369949102401733,0.7721390678294275
19228,0,0.11375163495540619,0.7486975784366703
19231,1,0.21717867255210876,0.766475240396642
19250,0,0.010091963224112988,0.7410410578170983
19292,0,0.49096348881721497,0.7629907693941652
19327,0,0.03667203336954117,0.7551258209268618
19377,0,0.04661492630839348,0.7579318706108201
19416,1,0.7230660915374756,0.746553395948622
19453,1,0.12810565531253815,0.7690234920745963
19516,0,0.013821987435221672,0.7625352643801621
19530,0,0.4642038345336914,0.7787291062502848
19555,0,0.05220501869916916,0.7622061228931933
19739,1,0.9881848096847534,0.788298222391201
19786,0,0.04575049504637718,0.7440446277913784
19796,0,0.8644634485244751,0.7911955333054438
19815,0,0.07784292846918106,0.7553923414436418
19826,0,0.017918124794960022,0.7236306759502081
19874,0,0.0417962372303009,0.7697887291779821
19973,1,0.9939308166503906,0.8302237866801474
19995,0,0.4712926745414734,0.7841128233518726
20184,0,0.037367843091487885,0.7901669537317612
20226,0,0.014076360501348972,0.7415110178219284
20230,1,0.09882090985774994,0.7806449275156838
20372,0,0.2941156327724457,0.764670380686588
20386,0,0.020991088822484016,0.7544260347123941
20416,0,0.021648015826940536,0.7541130171941357
20437,0,0.042208749800920486,0.7559230831498084
20576,1,0.9895567297935486,0.7700618532245225
20616,1,0.9904813170433044,0.7988890404758859
20656,0,0.06760292500257492,0.7524977292074667
20701,0,0.037910111248493195,0.7704387842468604
20707,0,0.040327608585357666,0.7635059408917043
20751,1,0.07118486613035202,0.7802854837342774
20785,1,0.5150553584098816,0.8012477693609541
20799,1,0.11076005548238754,0.7356270942475271
20808,0,0.05569053813815117,0.7646047238610918
21003,0,0.06357502937316895,0.7577603225567534
21014,0,0.04488831385970116,0.7536006543934639
21032,0,0.030481090769171715,0.7297038438949713
21114,1,0.05788515880703926,0.7474217015969835
21251,0,0.02894515171647072,0.7560066621271845
21311,0,0.045265331864356995,0.7299696132215076
21339,0,0.23586201667785645,0.7588210263517027
21404,0,0.04882624372839928,0.7500300386724124
21490,0,0.31379616260528564,0.7526466148098669
21598,0,0.014660464599728584,0.7308405792206849
21651,0,0.5212714076042175,0.734504155400955
21714,0,0.04294844716787338,0.7534554322124597
21729,0,0.17644114792346954,0.7619227185634643
21738,1,0.48672646284103394,0.7729788016083635
21739,0,0.04424039646983147,0.7660317949995713
21789,0,0.7740045785903931,0.7826026485042407
21917,0,0.23189738392829895,0.7806305473604773
21922,0,0.9715184569358826,0.7830814973740519
21996,0,0.20721809566020966,0.7847375764537574
22061,0,0.013227115385234356,0.7396350671980403
22101,1,0.21404804289340973,0.7509638977040758
22178,0,0.12992967665195465,0.7712731805835129
22244,1,0.9692849516868591,0.7813478017205825
22293,0,0.029788214713335037,0.7364660894225821
22338,0,0.017497560009360313,0.7327360108562863
22454,1,0.046644315123558044,0.778462715819877
22616,0,0.7609648704528809,0.7724417925396272
22646,0,0.027241066098213196,0.7626657690580018
22678,0,0.04467886686325073,0.7713287027148208
22731,1,0.9931609630584717,0.7975021844521161
22783,0,0.035033971071243286,0.7815754630878189
22785,0,0.03340849652886391,0.749311959662439
22807,1,0.10411311686038971,0.7564524985507383
22816,1,0.7885417938232422,0.7954097408118925
22955,1,0.7992380261421204,0.7567440116155354
23081,0,0.3944801688194275,0.7807441581238289
23154,0,0.015216376632452011,0.7436184281353275
23413,0,0.6251692175865173,0.769892865806756
23508,0,0.9643111228942871,0.7991580845769338
23553,0,0.6518259644508362,0.7933956564819272
23635,1,0.978448748588562,0.8086241426577174
23639,1,0.10279686003923416,0.756561710757778
23656,0,0.08810741454362869,0.755225307858601
23660,1,0.7018588781356812,0.7753209556067314
23710,0,0.018391085788607597,0.7698054503657297
23840,0,0.028755122795701027,0.7721882801326637
23879,0,0.2730976939201355,0.7851314422717797
23986,0,0.020605143159627914,0.7581738701964993
24055,0,0.8305956125259399,0.7926028901527997
24065,1,0.8593297004699707,0.7852509945353867
24072,0,0.11892873793840408,0.7451224095512546
24090,0,0.5684656500816345,0.8086172797280655
24103,1,0.6681638360023499,0.7600139847585452
24137,0,0.8130172491073608,0.7664422651770616
24217,0,0.061182811856269836,0.746994504637623
24270,0,0.11710738390684128,0.750736450194392
24337,0,0.01468444149941206,0.7697888219934348
24388,1,0.8446511626243591,0.7638532765645468
24407,0,0.23884864151477814,0.7676063865166062
24418,0,0.15466086566448212,0.7544961391005247
24439,0,0.9095792174339294,0.7769534432351135
24529,0,0.037589188665151596,0.724130127746458
24612,1,0.5110170841217041,0.7614187299439528
24707,1,0.8369784951210022,0.7967517611542616
24822,0,0.14443287253379822,0.777964999266423
24838,1,0.9758223295211792,0.8080690321055546
24857,0,0.023523420095443726,0.7624868390143416
24867,0,0.8823451399803162,0.7798343660645773
24901,0,0.017866360023617744,0.7612043811583376
25045,0,0.02281380072236061,0.7699544910194651
25062,0,0.025273870676755905,0.7502688669990104
25165,1,0.8625317811965942,0.7870610195697276
25174,0,0.21350733935832977,0.794280030008268
25290,1,0.7088961005210876,0.7665918925457729
25378,0,0.08466655015945435,0.748975254713202
25435,1,0.9925722479820251,0.8003817035297478
25438,0,0.12100007385015488,0.7799564949718787
25468,0,0.9757797718048096,0.8183732662709488
25493,1,0.9839388728141785,0.8023191988012806
25560,0,0.872539222240448,0.791291542378465
25584,0,0.6832494735717773,0.7769289895082298
25614,1,0.9431573152542114,0.7671914668566455
25627,0,0.18495139479637146,0.7526455216533993
25662,0,0.02892664261162281,0.7562915225179491
25728,0,0.010229750536382198,0.7425547981919411
25776,0,0.24382591247558594,0.7694833901779451
25906,0,0.009145445190370083,0.7472800749362221
25973,0,0.014084184542298317,0.7269760497640737
25992,0,0.03868905454874039,0.7576508174669412
25993,0,0.07149606943130493,0.7582146433301866
26064,0,0.3794720470905304,0.7807762099326953
26066,0,0.019757121801376343,0.7828073353929593
26073,0,0.013843297958374023,0.7442019151072059
26172,1,0.9941226840019226,0.7907316482580362
26244,0,0.10682264715433121,0.8016603633840511
26331,1,0.30384430289268494,0.7947689821053954
26339,0,0.017195846885442734,0.7615070121529879
26424,1,0.22553135454654694,0.7884411419790446
26461,0,0.13985243439674377,0.77796442295479
26470,0,0.06571809202432632,0.7488199079966815
26482,0,0.9383273720741272,0.7999323651256688
26487,0,0.031172482296824455,0.7460732104319495
26517,0,0.03279167413711548,0.7370495389160382
26518,0,0.019403550773859024,0.757246412988292
26521,0,0.02682449296116829,0.7476502356956026
26574,1,0.20989404618740082,0.7677295055442271
26585,0,0.019128262996673584,0.7660349054389275
26843,0,0.038430098444223404,0.749629828315777
26875,0,0.15772369503974915,0.6939170559367369
26971,0,0.05806663632392883,0.766189381216654
26991,1,0.07261857390403748,0.7455533042794307
27192,0,0.061352554708719254,0.7620368800859022
27199,0,0.01294154953211546,0.7259846834597035
27260,0,0.08757847547531128,0.7543453816740369
27333,0,0.01963442750275135,0.7466921336105632
27358,0,0.04955897480249405,0.7651598302799152
27459,0,0.01909027248620987,0.7715745200684255
27543,0,0.11096790432929993,0.7293014966879839
27554,0,0.011290453374385834,0.7610148846681775
27648,0,0.05505915731191635,0.7518118822329729
27741,0,0.012428198009729385,0.7429168637051986
27816,1,0.8554551005363464,0.7670066226763717
27822,0,0.8165454268455505,0.7791932252101086
27832,0,0.060021135956048965,0.7679292642495587
27962,0,0.3423421382904053,0.7439482057875533
28103,0,0.1192992553114891,0.7497619915248643
28142,1,0.15131407976150513,0.7726027166488156
28178,1,0.3869740962982178,0.7873343067602347
28201,0,0.43589693307876587,0.8113329690051221
28230,0,0.038750920444726944,0.7742735980303217
28390,0,0.028293106704950333,0.7625874416677214
28450,0,0.2762695550918579,0.763398641596946
28524,1,0.15544281899929047,0.7620799712352919
28724,0,0.09013036638498306,0.7565499633865383
28791,0,0.9411147236824036,0.8031684334611097
28807,1,0.45527809858322144,0.756849918211665
28939,1,0.9864793419837952,0.800963489032504
28953,0,0.035829223692417145,0.7664031834865466
29042,0,0.37012672424316406,0.7836193920498233
29098,1,0.936083972454071,0.7915404018395704
29145,0,0.15353959798812866,0.7659631926548001
29290,0,0.9576404094696045,0.7925433946019105
29430,0,0.45445728302001953,0.773006948382258
29469,0,0.00998296681791544,0.7795032574536479
29471,0,0.06649380922317505,0.7898473636809555
29472,0,0.057941287755966187,0.7599731196456292
29537,0,0.16867053508758545,0.7973176374801263
29652,0,0.059743378311395645,0.771071148456773
29674,0,0.04097067192196846,0.7455715063811605
29730,0,0.11971696466207504,0.7862435028028737
29893,1,0.916662335395813,0.7926875934579347
29990,0,0.043703872710466385,0.7533968475092383
30027,0,0.24232368171215057,0.7600197098921249
30137,0,0.04445350542664528,0.7594746287532248
30189,0,0.43304651975631714,0.7664175129355333
30206,0,0.027320800349116325,0.7179459891579371
30280,0,0.03762604296207428,0.7679804987627965
30445,0,0.807095468044281,0.759127073599212
30469,1,0.9898282289505005,0.7918016984808292
30476,0,0.8597843647003174,0.7874653487858083
30484,0,0.3608437776565552,0.7567178862547844
30656,0,0.8662946224212646,0.7860347974862977
30710,0,0.453401654958725,0.7945188061437825
30719,0,0.7163911461830139,0.7660112691509763
30731,1,0.9793699383735657,0.7890608668098716
30881,1,0.8316015601158142,0.7704676158771762
30946,0,0.9855878353118896,0.8213037476893716
31009,0,0.9248420596122742,0.7935313001818098
31054,0,0.6166377067565918,0.7884926387060682
31112,0,0.0752323791384697,0.7718322790190092
31152,0,0.8301888108253479,0.7981707860340519
31169,0,0.9389196038246155,0.7600283323698298
31213,0,0.9305294156074524,0.7744550878938331
31243,1,0.9933966398239136,0.804490843428701
31275,0,0.868330180644989,0.7611719465607154
31276,0,0.9317414164543152,0.775142716895303
31302,0,0.7513481378555298,0.7674139594205186
31309,0,0.06999681144952774,0.768587889447569
31405,0,0.039352450519800186,0.7660978908544278
31424,1,0.9422639012336731,0.7948882050479046
31466,0,0.7337335348129272,0.7698412113909695
31481,0,0.03356568515300751,0.7703656604586386
31522,0,0.9888579845428467,0.7986801903899424
31578,1,0.9945823550224304,0.8131173012391755
31592,1,0.9734295606613159,0.7825225749871045
31655,0,0.7677780389785767,0.7805187897642792
31732,0,0.09842322766780853,0.7136858848029934
31768,0,0.3449532091617584,0.7785875310503144
31772,0,0.16250671446323395,0.782726442769556
31850,0,0.9569827914237976,0.7708661709197902
31866,0,0.9891336560249329,0.7842858944604881
31880,0,0.3919585645198822,0.783000538873831
31971,0,0.12903863191604614,0.7695668290528266
31994,0,0.12060534209012985,0.742166316707719
32088,0,0.9091694355010986,0.8078763750098821
32148,1,0.9517710208892822,0.7962368610751384
32158,0,0.12020187079906464,0.7259718321451265
32165,1,0.9917480945587158,0.797627185130026
32172,0,0.7087064385414124,0.7482909250483782
32217,1,0.42464950680732727,0.7774655263930654
32242,0,0.45029374957084656,0.7921514715072062
32373,0,0.38563865423202515,0.7456917655851418
32394,0,0.15294627845287323,0.7645350664954738
32435,0,0.06448981910943985,0.7447280200146822
32543,1,0.9774282574653625,0.7975524924083564
32566,1,0.39136433601379395,0.7590620324943984
32574,1,0.9034745693206787,0.7812438209178192
32596,0,0.8968300819396973,0.7699475887359238
32772,1,0.4289827346801758,0.7665807795156057
32995,0,0.8124329447746277,0.7814426703330734
33052,0,0.017499372363090515,0.7399633695498951
33453,0,0.024040907621383667,0.7607538052440445
33502,0,0.012682628817856312,0.7399073046656246
33521,0,0.02006266452372074,0.7585499363594612
33522,1,0.5129875540733337,0.7637462965199663
33524,0,0.4652799069881439,0.7827708986934709
33544,0,0.010340661741793156,0.7161572811775858
33701,0,0.018221303820610046,0.764809912804405
33782,1,0.12254989892244339,0.7512478078172669
33835,0,0.03449820727109909,0.7859436413011445
33861,0,0.008580596186220646,0.6927020979651333
33864,0,0.04855184257030487,0.7514700323642617
33913,1,0.9648880958557129,0.7930440973141533
33987,0,0.03326299041509628,0.764806736957247
33989,0,0.01699971780180931,0.7406661076901937
34075,0,0.975337564945221,0.7913549785742696
34082,0,0.02944846823811531,0.7438644643180592
34150,0,0.01993969827890396,0.7705882263362984
34220,1,0.19934119284152985,0.7721391615874703
34285,1,0.98613041639328,0.8079051204608181
34293,0,0.026652846485376358,0.7856412587185657
34376,0,0.9722982048988342,0.8191494582502227
34385,0,0.055752336978912354,0.7480483391022754
34397,0,0.11794612556695938,0.7700405696676975
34440,0,0.029273351654410362,0.7481476158829912
34471,0,0.10438387095928192,0.7634284350558748
34547,0,0.7008865475654602,0.8022548735581437
34556,0,0.07970408350229263,0.7518838799267643
34672,0,0.07825308293104172,0.7330514471486484
34883,0,0.020113131031394005,0.7027517574982274
34887,0,0.027084508910775185,0.7742995915192984
34899,1,0.9952215552330017,0.8030425282443516
34917,0,0.17102915048599243,0.7555598132708534
34931,0,0.015830332413315773,0.7170931468791012
34985,1,0.3024519085884094,0.7824756769818354
34989,0,0.014804194681346416,0.750923879919527
35008,0,0.01882568560540676,0.7573344157082494
35032,0,0.013605148531496525,0.7325461996912614
35054,0,0.016359122470021248,0.7432688948626487
35056,1,0.8074153065681458,0.7657030930870269
35109,0,0.06393115967512131,0.7426709859619884
35138,0,0.1438831239938736,0.7633686058196623
35149,0,0.8276287317276001,0.7827382042434492
35178,0,0.02843470312654972,0.753932575561047
35182,0,0.0270299781113863,0.769811448504514
35207,0,0.018949368968605995,0.7567491799319785
35215,1,0.13759732246398926,0.7892856969739405
35271,1,0.10065379738807678,0.7604513720269876
35294,0,0.08839443325996399,0.7580032360559555
35455,0,0.039959944784641266,0.7375099839497808
35548,0,0.0183633491396904,0.7435121914449185
35616,0,0.17183884978294373,0.7530022720182465
35835,0,0.10001576691865921,0.7655637675444485
35876,1,0.8735028505325317,0.7951774085703052
35887,0,0.9898953437805176,0.7996174532043729
35929,0,0.06763516366481781,0.744662209598502
35966,0,0.09104741364717484,0.748281852698074
35976,1,0.9897421598434448,0.8117707751567689
36044,0,0.01647636480629444,0.7298776217465259
36096,0,0.03434494510293007,0.7291216891528939
36124,1,0.9828487038612366,0.7961957537433424
36191,0,0.10171918570995331,0.7393247567912709
36317,0,0.6695432662963867,0.7239344470622961
36344,0,0.3827762007713318,0.7604791683450225
36356,1,0.9854645133018494,0.7904510775308746
36447,0,0.07140541076660156,0.7435192585628192
36463,1,0.9933823347091675,0.8220984560224613
36491,1,0.20434564352035522,0.7734574217350426
36535,0,0.19841068983078003,0.7375050391781377
36564,0,0.3899730145931244,0.7667520722926291
36588,0,0.2761498689651489,0.761819700566613
36625,1,0.8621404767036438,0.792946663836514
36635,0,0.010563114657998085,0.7148052615962914
36673,1,0.021203884854912758,0.7681714213414045
36788,0,0.02351318672299385,0.7300479992735098
36790,0,0.024558084085583687,0.7724268401955552
36857,0,0.05176446959376335,0.7339876948585031
36962,0,0.05060502886772156,0.7701655406596197
36968,0,0.034307584166526794,0.7730950381024568
36987,0,0.05796108767390251,0.7456945503710251
37153,0,0.2635030746459961,0.7659145903508905
37231,1,0.06598087400197983,0.751496452202115
37446,0,0.043647151440382004,0.7302723521610495
37538,0,0.22707253694534302,0.7649564389755773
37570,0,0.897625744342804,0.8080263169837204
37815,0,0.038754887878894806,0.7686536509298275
37846,0,0.08707144856452942,0.7507199957902253
37878,1,0.9334475994110107,0.7613542485203943
37911,1,0.9796563386917114,0.7826625446646254
37982,1,0.9758840799331665,0.7950071601711277
37995,0,0.022349419072270393,0.7704066814685078
38375,0,0.01783641427755356,0.7322001544599901
38506,0,0.033274032175540924,0.7685287771136425
38559,1,0.47334954142570496,0.7597163279895985
38563,1,0.9362372159957886,0.7867858085981108
38639,1,0.9922274947166443,0.7905407941164104
38752,0,0.20065376162528992,0.7631028341864269
38771,1,0.9701645374298096,0.8176193798848813
38922,1,0.9946934580802917,0.7889849211886516
39033,0,0.4877643287181854,0.7891268505350841
39063,0,0.17525820434093475,0.7728679335930744
39110,1,0.9648155570030212,0.8010472329182847
39257,0,0.6351484060287476,0.7747937022482885
39271,0,0.9346120953559875,0.7780945433638718
39318,0,0.14097163081169128,0.747040747700527
39439,1,0.4818972945213318,0.7379403200086068
39545,0,0.6778990626335144,0.7782761301191009
39615,0,0.9902563095092773,0.7961265406689557
39664,0,0.05628931149840355,0.7628505490304721
39714,0,0.13968874514102936,0.7882473555417875
39723,1,0.9931228756904602,0.8156187211580807
39729,0,0.11298226565122604,0.7730478836359932
39764,0,0.1768200397491455,0.7674275056813924
39845,0,0.030950764194130898,0.7510562087388755
39886,1,0.9906741976737976,0.8080592618848785
39915,0,0.9944444298744202,0.800488134728757
39916,1,0.9685258865356445,0.7991129472210048
40056,0,0.023314356803894043,0.7497040306986595
40137,0,0.15568314492702484,0.7923493232874427
40461,0,0.011020766571164131,0.7439118559567351
40557,0,0.24698039889335632,0.7722668856493458
40572,1,0.3765814006328583,0.7915342847022065
40595,1,0.9945589900016785,0.791314583651416
40647,1,0.8348050117492676,0.7932473123476154
40709,0,0.9933013916015625,0.7881297574342042
40741,0,0.757196843624115,0.7757609132627437
40953,0,0.9851509928703308,0.7980555133321565
41030,0,0.9852818846702576,0.780216365596947
41171,0,0.016129503026604652,0.7357008344040514
41206,0,0.023530177772045135,0.7546953458817546
41283,0,0.21454523503780365,0.7284839387130032
41313,0,0.030142802745103836,0.7594966289285059
41383,0,0.02865671180188656,0.7425540357629472
41415,1,0.9905226826667786,0.7778125263899303
41459,0,0.9794569611549377,0.775618506574718
41468,1,0.9896049499511719,0.8074657752140374
41478,0,0.9013011455535889,0.7964358283089554
41584,1,0.10376152396202087,0.7300379039968297
41618,0,0.015889054164290428,0.7736417173029035
41646,0,0.017856447026133537,0.7722081356104173
41658,0,0.010132099501788616,0.7452480476039371
41763,0,0.021103933453559875,0.7584615022814942
41784,1,0.9406985640525818,0.7812040095096462
41794,1,0.8749096989631653,0.7656768156076987
41985,0,0.011881631799042225,0.7684869060324728
42028,0,0.22503086924552917,0.7664986403061232
42045,0,0.3054902255535126,0.7964265366919263
42062,0,0.31734615564346313,0.74176275394441
42201,0,0.17965109646320343,0.7751348008673279
42209,1,0.8286836743354797,0.7846541756030279
42225,0,0.2797178328037262,0.7994497851926845
42276,0,0.04428533837199211,0.7828653842609097
42318,0,0.021597255021333694,0.7117732768727782
42338,0,0.012907604686915874,0.7673697028201322
42430,1,0.9892961382865906,0.7744332407180905
42444,0,0.024562940001487732,0.755789506691006
42478,0,0.07924041152000427,0.7563546293793143
42480,1,0.2542725205421448,0.774396319651405
42481,0,0.9211211800575256,0.7750737315476718
42618,0,0.01313453447073698,0.7781623863109809
42683,0,0.023016147315502167,0.756588221943398
42686,0,0.04164339229464531,0.7502177097237835
42774,0,0.27191686630249023,0.7372052540212239
42887,0,0.03934027627110481,0.7588213992705451
42957,0,0.011833136901259422,0.7413255780201029
42960,0,0.03462564945220947,0.7592746388749807
43097,0,0.3615046441555023,0.7689423787287356
43178,0,0.0763188973069191,0.74713851898541
43243,0,0.06571009010076523,0.7905213345184645
43287,0,0.02683381922543049,0.7905461803204337
43296,1,0.9687389731407166,0.7716012902711546
43442,1,0.07576768845319748,0.7540814073160838
43506,0,0.03714416176080704,0.7636686316487915
43741,0,0.5803053975105286,0.7787141618018021
43757,0,0.8412691950798035,0.7978513868494186
43767,0,0.030724821612238884,0.7616858257562481
43877,0,0.0142135638743639,0.7501006143405671
43912,1,0.14345106482505798,0.752306086595304
43971,1,0.9917992353439331,0.8051981847030811
44120,1,0.9878066182136536,0.8153088064748072
44160,0,0.8212869167327881,0.7809868622156584
44161,0,0.8540732264518738,0.7847338941393842
44195,1,0.5808345675468445,0.7708165247501972
44294,0,0.07299312949180603,0.7530099491520178
44304,0,0.5542660355567932,0.7708434071206864
44442,0,0.08797280490398407,0.7772415692868722
44524,0,0.02891935035586357,0.7792910070769543
44546,0,0.032247159630060196,0.7540145334602956
44648,1,0.8210821747779846,0.783764199318463
44677,0,0.3518492877483368,0.7807449132988336
44927,1,0.9948232173919678,0.8071956233163976
44946,0,0.010269581340253353,0.7506176281871088
45022,0,0.148709237575531,0.786353741037089
45062,0,0.3124431073665619,0.7617635530151403
45128,0,0.11138752847909927,0.7194172689240463
45187,0,0.04961925745010376,0.7580230139771396
45260,0,0.0766376331448555,0.728116822630157
45296,0,0.036236174404621124,0.765291578426937
45419,0,0.9883906841278076,0.8198682187080953
45438,1,0.28668591380119324,0.7560361128675306
45455,0,0.07350581139326096,0.7656362429225202
45489,0,0.5327885746955872,0.7364050176418692
45513,1,0.6806784868240356,0.7852557671402691
45527,1,0.5916009545326233,0.7612623783413317
45560,1,0.8057751655578613,0.7528942175185762
45577,0,0.5896111726760864,0.7885734062467477
45683,0,0.08503168821334839,0.7521636893636667
45704,1,0.5092130899429321,0.7606160377790043
45706,1,0.06468577682971954,0.775523264149114
45940,0,0.025879569351673126,0.79032304837265
45971,0,0.019314298406243324,0.7769882657733104
45998,1,0.9272217750549316,0.7803504693568806
46122,0,0.07042927294969559,0.7661948322275983
46127,0,0.05454340577125549,0.7464508929182843
46130,0,0.9080631136894226,0.7661925674521453
46237,0,0.021814459934830666,0.7586762334046913
46368,0,0.0366639643907547,0.7743757807776457
46682,0,0.06295038014650345,0.7632961988518512
46697,0,0.4574998915195465,0.7360464451528332
46712,0,0.02638958767056465,0.7528341364098472
46740,0,0.0458432212471962,0.7364065985479065
46813,0,0.008790257386863232,0.7519167905516994
46828,0,0.740942120552063,0.8019481619421921
46863,0,0.010664231143891811,0.7639866687419317
46879,1,0.8329987525939941,0.7671477993104683
47052,0,0.02393282763659954,0.7417177634611016
47066,0,0.0798971951007843,0.7884264051132979
47100,0,0.023748120293021202,0.7512941596173174
47145,0,0.017641190439462662,0.7415441274866557
47166,0,0.09810063987970352,0.7272388135308248
47186,0,0.091749407351017,0.787037904266711
47227,1,0.9925701022148132,0.7925024595484548
47254,0,0.8989800810813904,0.8115873174895352
47416,0,0.5867356657981873,0.7603253485683515
47542,1,0.49603596329689026,0.7693593343556738
47559,0,0.2926327586174011,0.7487556908652807
47661,0,0.04685669019818306,0.723923441256602
47685,0,0.08619681745767593,0.7755410048163547
47703,0,0.8285749554634094,0.8000446846503333
47751,1,0.7393080592155457,0.7679562451818378
47936,1,0.9806364178657532,0.8017893719589675
47951,0,0.4404725730419159,0.7575667751959578
48006,0,0.044766105711460114,0.7529625174276987
48080,0,0.02813653275370598,0.7638116513836388
48131,0,0.017651572823524475,0.7742144865208882
48146,0,0.04585276544094086,0.7475074122027743
48283,0,0.38437944650650024,0.7638091542284267
48360,0,0.018238723278045654,0.7425198814532048
48405,0,0.03218741714954376,0.7334316193748976
48523,0,0.863077700138092,0.7584189100994221
48527,0,0.03563852608203888,0.7672153444675548
48626,1,0.8717341423034668,0.7839005191195328
48637,0,0.12741923332214355,0.7721117515746788
48879,0,0.038104068487882614,0.7702029247870152
48900,0,0.23722587525844574,0.75699869812193
48901,1,0.7721629738807678,0.7725443710154689
48984,0,0.09764827787876129,0.7408392711964185
48996,0,0.12092316150665283,0.7800837944440793
49082,0,0.036019373685121536,0.7457153931953471
49128,0,0.0084030507132411,0.7605633845826222
49156,0,0.011429340578615665,0.7551201189626948
49319,0,0.9298714995384216,0.8114739813787035
49361,0,0.17277592420578003,0.7580556504725002
49432,0,0.4502941966056824,0.8031915134867227
49481,0,0.1998191624879837,0.7417630584173915
49621,0,0.5341976284980774,0.7508405135738259
49680,1,0.46533846855163574,0.7697604999424026
49693,0,0.2890763282775879,0.7520220149922078
49749,0,0.10865616798400879,0.7570567384400977
49779,0,0.03852229565382004,0.7847311935368926
49806,0,0.02549414522945881,0.7469559827694312
49877,0,0.4778335988521576,0.7881219894373952
49907,0,0.051860492676496506,0.7625944382442673
49937,0,0.03635019063949585,0.757159046828106
49964,0,0.04145333543419838,0.737352877403828
50008,1,0.8968164920806885,0.77741497867993
50021,0,0.9220021367073059,0.7775913481004036
50054,0,0.033371906727552414,0.7492642748782423
50096,1,0.24175824224948883,0.7722499078809757
50203,0,0.13833056390285492,0.739396656351935
50228,0,0.12333907186985016,0.7320301351868315
50234,0,0.49298354983329773,0.7721042811395776
50301,0,0.04090316221117973,0.7554316895343833
50308,0,0.04008430987596512,0.7421923509252375
50438,0,0.9905051589012146,0.7995697317625372
50558,0,0.19760462641716003,0.7343402142303538
50755,1,0.18279406428337097,0.7415899192345847
50823,0,0.04282054305076599,0.7576411976322459
50848,0,0.6388947367668152,0.7921285973278587
50866,0,0.06325022131204605,0.7790024649009045
50881,1,0.40259769558906555,0.7413752006687427
50911,0,0.7414094805717468,0.7543356985879621
50944,0,0.1563151776790619,0.7396738369938779
51014,0,0.04728037863969803,0.7484069488394891
51096,0,0.11454877257347107,0.7795675676123923
51206,0,0.5499292612075806,0.7782557277839138
51209,0,0.06589020788669586,0.7639030120501227
51256,0,0.13919652998447418,0.7820886009531096
51308,0,0.0692901462316513,0.7481227480763908
51318,0,0.9656380414962769,0.7881714146412403
51347,0,0.7620401978492737,0.7755358100446309
51361,0,0.9390058517456055,0.8006547271325866
51385,0,0.029124755412340164,0.7536797498103545
51394,0,0.23408228158950806,0.7396222122512697
51418,1,0.40422970056533813,0.7900467157151676
51538,0,0.2809114456176758,0.7600768147598522
51584,1,0.5133156776428223,0.7856595234495171
51650,1,0.22032737731933594,0.7665530305393647
51744,0,0.04901406913995743,0.7402514630992907
51837,0,0.06260515749454498,0.7160646438144058
51898,0,0.02862471155822277,0.7361248879658164
51905,0,0.03717224299907684,0.7485169236104401
51956,0,0.02111215516924858,0.7365200270283377
51968,0,0.02505226992070675,0.7578834454913479
52110,0,0.27768027782440186,0.7859030688369464
52159,0,0.14636531472206116,0.7756408364257278
52327,0,0.0159861259162426,0.7408213042263045
52343,1,0.949867308139801,0.7918011173090225
52354,0,0.018252354115247726,0.7743187862954347
52371,0,0.18921415507793427,0.7457915396197827
52408,0,0.13108490407466888,0.7397253933106327
52411,0,0.14518173038959503,0.7489755061350862
52415,1,0.05311412736773491,0.7466079305022776
52436,0,0.23975586891174316,0.7795388509195063
52445,0,0.04676726087927818,0.7647296150431706
52471,1,0.978343665599823,0.82058555236978
52713,0,0.09455111622810364,0.765531849832239
52769,0,0.05558985471725464,0.7461464059347828
52849,0,0.058499936014413834,0.7446467824454965
52864,0,0.029432902112603188,0.7805364912010677
52943,0,0.046080946922302246,0.6933688548515824
52965,0,0.019849151372909546,0.7642809441405244
52976,1,0.9740856885910034,0.7815076975211284
52990,0,0.09576182067394257,0.7345835313539829
53005,0,0.038606248795986176,0.7426766253023249
53040,0,0.017380371689796448,0.759291541729086
53184,0,0.012819916941225529,0.7175305976414991
53239,0,0.04754381626844406,0.7440367353644162
53263,0,0.02676931954920292,0.7349149400644464
53281,0,0.016715602949261665,0.7653140285778302
53352,1,0.18348194658756256,0.7692721736827329
53357,0,0.0163174569606781,0.7598597380217299
53590,0,0.04560060054063797,0.7553763845813302
53626,0,0.0628356784582138,0.7271468161796935
53712,0,0.14098387956619263,0.7654423759242782
53714,0,0.016836632043123245,0.7689767932136201
53744,0,0.08663772791624069,0.764701297630602
53762,0,0.018683042377233505,0.7521863271098106
53769,0,0.044760558754205704,0.772415833312067
53781,0,0.017266128212213516,0.7554822366246954
53782,0,0.013261821120977402,0.7268817576701672
53873,0,0.06519019603729248,0.7796372866923296
53898,0,0.03074418008327484,0.7394311214584739
53906,0,0.19477547705173492,0.7176390285043366
53947,0,0.009517408907413483,0.7475451417081618
54000,0,0.12488417327404022,0.7689142646951452
54001,0,0.05972955375909805,0.7561487857533374
54208,0,0.034265801310539246,0.7764037321402502
54216,0,0.05340169370174408,0.756478327638294
54241,0,0.07056159526109695,0.7201813209610091
54279,0,0.012934795580804348,0.7168290099448043
54305,0,0.02235260233283043,0.7466217609483413
54318,0,0.0111008919775486,0.7657510512576501
54330,0,0.008489163592457771,0.7376804004633837
54411,1,0.11145534366369247,0.7415282424165365
54431,0,0.026556361466646194,0.756213748402951
54452,0,0.13708928227424622,0.7699266476234947
54471,1,0.9926940202713013,0.7860412107733386
54525,0,0.15953169763088226,0.773910469969528
54541,0,0.01892654411494732,0.7581999111721641
54550,0,0.013930261135101318,0.7337286536084136
54577,0,0.028692370280623436,0.7659248995718413
54610,0,0.8189445734024048,0.7978113348279917
54675,0,0.0303670521825552,0.7632243845607184
54683,0,0.00919268187135458,0.763240281434037
54965,0,0.051356054842472076,0.7847509208130328
54993,1,0.9328495860099792,0.8068911098151483
55023,0,0.02072129212319851,0.7690953794960542
55087,1,0.9867369532585144,0.8034431292419542
55304,0,0.016751205548644066,0.7474971868101163
55489,0,0.05159240588545799,0.7509906046864003
55491,0,0.12050499022006989,0.7529614706208125
55501,0,0.5510081648826599,0.7912400017056144
55549,1,0.22670942544937134,0.7742835672208962
55591,0,0.9314740896224976,0.761857393854215
55761,0,0.17099101841449738,0.7617351074731791
55790,0,0.010126367211341858,0.7211225579246028
55827,0,0.036897074431180954,0.7705125884948334
55860,0,0.014012009836733341,0.7152709179019205
56070,0,0.06887330114841461,0.7941166013450365
56104,0,0.030607901513576508,0.7368367733085768
56125,1,0.06333708763122559,0.7451276469930195
56180,0,0.16115427017211914,0.7514913756216596
56215,0,0.01334818173199892,0.7566111308934528
56217,1,0.9606500864028931,0.7885924837684425
56281,1,0.8898993730545044,0.7776769611253944
56299,0,0.28781020641326904,0.7754677644128107
56366,1,0.9909294247627258,0.8219205179684612
56500,1,0.8038191199302673,0.7907098797302167
56568,0,0.02778652496635914,0.7414091091132825
56584,0,0.029303671792149544,0.7582155917879002
56714,0,0.037276528775691986,0.7713084705146108
56732,0,0.037769921123981476,0.779727700806212
56770,1,0.9781355857849121,0.7717657528016052
56871,0,0.19176563620567322,0.7615977982922607
56887,1,0.9816869497299194,0.8057352527941282
57010,0,0.05604279413819313,0.7402126405232938
57026,1,0.9954076409339905,0.8086951839531376
57120,0,0.07727348804473877,0.7740959615867187
57173,1,0.9361093640327454,0.7949917160723194
57297,0,0.1341114491224289,0.7615570904626541
57319,0,0.05114360898733139,0.7581873189908739
57381,1,0.8270466923713684,0.7865478544704397
57388,1,0.46168282628059387,0.7717345875699414
57407,1,0.9633967876434326,0.7889587364498386
57567,0,0.8072205781936646,0.7746520605907872
57568,0,0.7800793051719666,0.7837682033190164
57573,0,0.8874160051345825,0.7860532993938533
57644,0,0.09332311153411865,0.7678770126471894
57670,0,0.019015269353985786,0.7826555976828263
57693,0,0.9490654468536377,0.7782437050369695
57803,1,0.96303391456604,0.8026552848514984
57828,1,0.994044840335846,0.7849395071215184
57870,1,0.830598771572113,0.7744710914822432
57962,0,0.5343781113624573,0.7647323279769958
57982,0,0.9858718514442444,0.7980875401888803
58018,1,0.9731460809707642,0.8197608530505751
58041,1,0.9905855059623718,0.7714211831448476
58073,1,0.9928833246231079,0.8034491589701875
58097,1,0.6741871237754822,0.7823617746929404
58131,1,0.31087446212768555,0.7590078122205164
58202,0,0.09065170586109161,0.7575995131216335
58216,0,0.07257375866174698,0.7708121793021374
58272,0,0.8674161434173584,0.7864566731706955
58326,1,0.970317006111145,0.8003491343082741
58522,0,0.2917984127998352,0.761040618032548
58556,0,0.3083486258983612,0.7697474437550065
58625,1,0.3500172793865204,0.7703279352755115
58738,0,0.593017041683197,0.7799502387290852
58843,0,0.08536319434642792,0.751223558050455
58931,0,0.9052637219429016,0.7693539160825663
59031,0,0.038758113980293274,0.7525946920453195
59057,0,0.027791427448391914,0.7484537149079444
59063,1,0.9894060492515564,0.8068732184831968
59095,1,0.8734251260757446,0.8002672096567347
59100,1,0.9769663214683533,0.8143904917768245
59169,0,0.035130321979522705,0.7679365222720891
59179,0,0.04008282348513603,0.7572293312379048
59283,0,0.708376944065094,0.7980613496131815
59356,0,0.2868448495864868,0.7699245557971162
59405,0,0.01489043515175581,0.7316606309166003
59530,1,0.8270909786224365,0.7933165188476863
59543,0,0.01645011268556118,0.7533138407122086
59614,0,0.35588759183883667,0.7438523114651083
59701,0,0.18081659078598022,0.8132851882675808
59734,1,0.5144456624984741,0.7689889136233969
59871,0,0.02813957817852497,0.7367267859585933
59961,0,0.025617169216275215,0.7442066390110402
60145,0,0.10105418413877487,0.7650713398460534
60179,0,0.019775982946157455,0.7630377928242428
60217,1,0.2588713765144348,0.7943568074057824
60233,0,0.29468250274658203,0.7267915483705545
60306,1,0.5369255542755127,0.7815588952692744
60334,0,0.1039213016629219,0.7588239234535159
60404,1,0.9234437942504883,0.7748229958246828
60567,0,0.10073961317539215,0.770510416603211
60640,0,0.4608639180660248,0.7858168072277509
60648,1,0.9939225316047668,0.8097581603178159
60782,0,0.2364606261253357,0.7544507590157153
60993,0,0.027524055913090706,0.759762789105923
61042,0,0.8198118805885315,0.7922693015785129
61155,0,0.12007363140583038,0.7349810904540961
61178,0,0.03823821246623993,0.7292963821413959
61238,0,0.8167688250541687,0.7889583977860584
61278,0,0.3857727646827698,0.7603883631542897
61283,0,0.02151900716125965,0.7508230092431074
61295,1,0.4151468276977539,0.7580066131770904
61299,0,0.04874548688530922,0.7819098127332726
61361,0,0.09413841366767883,0.7699607727183669
61381,0,0.6088703870773315,0.7633439657041773
61390,0,0.09426241368055344,0.7347596608290967
61492,0,0.01958947628736496,0.774385579739549
61566,0,0.6960844397544861,0.7738578556424696
61582,1,0.9374061822891235,0.794770629637005
61589,0,0.9427419900894165,0.8057395355915176
61635,1,0.9839290380477905,0.8090625639411807
61673,0,0.587422788143158,0.7579615523550572
61686,0,0.6907397508621216,0.7594062112516834
61698,0,0.13914328813552856,0.7322431078689136
61735,0,0.017687104642391205,0.7530074998152607
61751,0,0.011158146895468235,0.7500431610498887
61872,0,0.18141500651836395,0.7462347369232321
61994,1,0.9881657361984253,0.7879765259045161
62279,0,0.8259962201118469,0.7757685468320394
62281,1,0.9939242005348206,0.7780079200467728
62287,1,0.9944135546684265,0.8007627883677917
62292,0,0.0635790154337883,0.7686681768385734
62323,0,0.103828065097332,0.7717354374345794
62341,0,0.031186798587441444,0.7599782558951667
62358,1,0.992760181427002,0.8144626190006413
62407,0,0.022896843031048775,0.7306606317986455
62410,0,0.07481735944747925,0.7610552227001921
62413,1,0.9855886101722717,0.7977441794450375
62452,0,0.3096592128276825,0.7786817949491192
62596,0,0.9215584993362427,0.7978979153232358
62655,1,0.9900497198104858,0.7954371513453997
62802,1,0.9838041663169861,0.8030980285724296
62826,1,0.7834028601646423,0.752038798777856
62927,0,0.11753864586353302,0.7589272035565131
63062,0,0.08184405416250229,0.746728880329622
63063,1,0.9886338710784912,0.788281340827639
63099,1,0.9661798477172852,0.8011015251699207
63248,0,0.03215845674276352,0.7658360376332505
63265,0,0.016497982665896416,0.7216135594776139
63295,1,0.5401904582977295,0.8002322733725298
63312,0,0.08085736632347107,0.7342568904439057
63388,0,0.04923704266548157,0.7719609796138811
63520,0,0.13454101979732513,0.7630214585994642
63578,0,0.03893378749489784,0.7502408214164717
63666,0,0.012192444875836372,0.7680311795426213
63680,0,0.07878860086202621,0.7545843487589614
63721,0,0.04462866112589836,0.7731996029521594
63752,0,0.05079943686723709,0.7361108149785665
63796,0,0.3902930021286011,0.7700677082675528
63875,0,0.705732524394989,0.767397388422692
63902,0,0.9910934567451477,0.8231986259616315
63923,0,0.22522902488708496,0.7734351132353734
63955,0,0.2597842216491699,0.762518696141401
63973,0,0.060040492564439774,0.7624054694249343
64000,0,0.8812004327774048,0.7796992517019445
64155,0,0.6030184626579285,0.7853171663381688
64282,0,0.6329609155654907,0.7970788066426127
64296,0,0.1766180396080017,0.7769281343341038
64471,1,0.9946855306625366,0.8210511103683904
64496,0,0.07916804403066635,0.742650752841552
64528,0,0.042942263185977936,0.7485783893511195
64545,0,0.019603323191404343,0.7715853333101206
64556,0,0.07105501741170883,0.759733525102281
64644,0,0.30049872398376465,0.7693967225676823
64719,1,0.9546644687652588,0.7976142690145458
64724,0,0.10094611346721649,0.7633210156426389
64979,1,0.9524187445640564,0.8109722001440642
65014,0,0.46490103006362915,0.7899594409331178
65015,0,0.6818385124206543,0.7844927398977701
65048,0,0.3060166537761688,0.7657086808482589
65099,0,0.07258638739585876,0.7767569821181949
65164,0,0.018411803990602493,0.7457736096644754
65176,0,0.021027017384767532,0.7268350667033746
65216,0,0.025049323216080666,0.7405935897317114
65263,0,0.07505063712596893,0.7864185030324802
65269,1,0.3673327565193176,0.760421123656941
65365,1,0.5791322588920593,0.773230066303273
65476,0,0.09380064159631729,0.7663241288144351
65520,0,0.38891568779945374,0.7814371706792235
65571,0,0.38468214869499207,0.7543540003857141
65606,0,0.04298556223511696,0.7964568055375535
65615,0,0.11140744388103485,0.773221440731503
65616,0,0.19994613528251648,0.7687241925727051
65787,1,0.9560427665710449,0.7895918198657789
65949,1,0.5818422436714172,0.7790754422763346
65958,0,0.06953997164964676,0.7730019593676731
65971,0,0.5036713480949402,0.7980392297368736
66100,0,0.06616243720054626,0.7652223767810651
66102,1,0.03274688124656677,0.7599178019487531
66213,0,0.02873293124139309,0.7588187392464273
66222,0,0.13343647122383118,0.7584071171074371
66277,0,0.04222942516207695,0.7422213383451448
66370,1,0.1387965828180313,0.7667137487672473
66371,0,0.6412134170532227,0.7825386219933623
66591,0,0.05016353353857994,0.7382120914814854
66633,0,0.6912875771522522,0.7872813052299799
66758,0,0.08008748292922974,0.7622918456549692
66816,0,0.034822165966033936,0.7708156546777445
66859,0,0.26688888669013977,0.7544441292086141
66930,0,0.04042264446616173,0.7553390820020217
67245,0,0.9662449359893799,0.7782711489647103
67295,1,0.9881100654602051,0.7640748007056022
67317,0,0.18817004561424255,0.7544869304966582
67529,0,0.8957512378692627,0.7713150239380216
67595,0,0.7777245044708252,0.7666892187828194
67756,0,0.3391645848751068,0.7716208039227214
67788,1,0.9869652986526489,0.8039888716948589
67819,0,0.6310213804244995,0.7996291898630032
67854,1,0.9123705625534058,0.7737006373644051
67911,1,0.95125412940979,0.7755512648250139
67954,0,0.9383541345596313,0.7818066678671695
67991,0,0.9143760204315186,0.7859890759740117
68087,0,0.10696346312761307,0.7347811332262364
68248,0,0.7610233426094055,0.7718091018198395
68270,1,0.9892478585243225,0.8188199525455232
68366,1,0.21827471256256104,0.7829232614858229
68414,0,0.3152931034564972,0.7645897946808793
68425,0,0.4738595187664032,0.7558636543613795
68561,1,0.982174277305603,0.7884219701902975
68591,0,0.27586185932159424,0.7674210413839242
68593,0,0.9202682971954346,0.7823086465965852
68600,1,0.876717746257782,0.7813166067906162
68678,1,0.07120037823915482,0.778308552943257
68742,0,0.08449053764343262,0.7432034799880287
68887,1,0.0928458496928215,0.7554057297719192
68907,1,0.9895610809326172,0.7966854543281071
68996,1,0.9895352721214294,0.0009396726164385694
69079,0,0.013363802805542946,0.7827887896252942
69240,0,0.585728108882904,0.7641318250655506
69319,0,0.4044370949268341,0.7826807195456004
69348,0,0.9025447368621826,0.7946621721467845
69356,1,0.9849863648414612,0.8209579427478971
69362,1,0.555728554725647,0.7735549045246963
69389,0,0.8952925205230713,0.7805232754844561
69475,0,0.09349139034748077,0.7820727763422768
69541,0,0.5471603870391846,0.7640171434493482
69751,0,0.4823061525821686,0.7393337034744434
69764,1,0.48842814564704895,0.7794251562755737
69842,1,0.9880598187446594,0.8011183761991747
69866,0,0.32782307267189026,0.7910679729561017
69877,0,0.8754478693008423,0.7904314297561701
69989,1,0.982329785823822,0.7816098913992509
70029,0,0.3274862766265869,0.7952147786358268
70117,0,0.39517027139663696,0.8082992119223426
70134,0,0.8918798565864563,0.7832061255675096
70251,0,0.23440636694431305,0.7746414286386095
70261,0,0.05302607640624046,0.7692569935084538
70353,1,0.9715319275856018,0.7774488836519372
70379,0,0.7934868931770325,0.7835942139453641
70390,1,0.14179569482803345,0.7746480626705758
70409,1,0.9590019583702087,0.7850641616150167
70426,0,0.7919101119041443,0.7719625951554042
70591,0,0.015076947398483753,0.7395332000283378
70614,0,0.07298746705055237,0.761494313820916
70682,0,0.3961922824382782,0.7596166666332053
70696,0,0.15351100265979767,0.7603266609414285
70715,0,0.9499734044075012,0.7826439899786846
70801,0,0.9447624087333679,0.7932384776033415
70896,1,0.9929307699203491,0.7834106617114229
70919,0,0.08675410598516464,0.7639699592708339
70920,0,0.04557057470083237,0.7541818820940429
70938,1,0.5124576091766357,0.7625640053461313
70967,1,0.559475839138031,0.7715784474959626
70984,0,0.7762417793273926,0.7738073170255374
70999,0,0.03782384842634201,0.7689944927239775
71006,0,0.1398404836654663,0.7784575536535909
71041,0,0.02598131075501442,0.773803082456265
71083,0,0.8792738318443298,0.7853051917473217
71138,0,0.4452456533908844,0.808047484348769
71239,0,0.8795726299285889,0.8012545401210496
71336,0,0.038474466651678085,0.7688798270815886
71385,0,0.010644443333148956,0.7329561365697455
71846,0,0.23865944147109985,0.7538657269090235
71869,0,0.3666786551475525,0.7835861748010744
71902,0,0.9822500348091125,0.7873218678317255
72039,0,0.37837719917297363,0.7875298519753384
72145,1,0.8844168186187744,0.7769289898850795
72168,1,0.8893747329711914,0.8066731099103952
72320,1,0.519431471824646,0.7589601410012331
72414,1,0.9804516434669495,0.7948366188942925
72430,1,0.9879541397094727,0.8035047381978306
72529,0,0.14951366186141968,0.7435478383408414
72561,0,0.047029267996549606,0.774573635467098
72576,0,0.03743518143892288,0.7517726307079386
72602,0,0.06912658363580704,0.790443272552849
72721,0,0.9225069880485535,0.7673427487110243
72774,0,0.4411000609397888,0.7905883958285798
72796,1,0.9675207138061523,0.7782259207318413
72819,0,0.24593999981880188,0.7492422208322389
72919,0,0.24028095602989197,0.7620997193129061
72956,1,0.9912849068641663,0.8078942696014131
73163,0,0.21726034581661224,0.7568141253596448
73216,0,0.399188369512558,0.7693260312561665
73286,1,0.9572494029998779,0.7933192850221278
73358,0,0.3160872459411621,0.8045108608278853
73392,0,0.10290195047855377,0.7955239065411563
73394,0,0.09640362113714218,0.7757383606402704
73434,0,0.2518451511859894,0.7966378154995543
73455,0,0.609185516834259,0.7738217622155312
73550,0,0.43686842918395996,0.7766921692649105
73608,0,0.9554589986801147,0.8133253670735592
73705,0,0.9053941369056702,0.8003027277754788
73713,0,0.9814625978469849,0.7982418876382564
73716,0,0.376766562461853,0.7596471403036059
73781,0,0.2180943638086319,0.7653011780272654
73825,0,0.2665097713470459,0.7514283614015624
73839,0,0.025536945089697838,0.7690049460131444
73863,0,0.0772964283823967,0.777141968168303
73894,0,0.2261691391468048,0.7466588744604203
73904,0,0.88571697473526,0.8013599994848393
74057,0,0.24007201194763184,0.7699270885820754
74256,0,0.5968557596206665,0.7560190379052167
74279,0,0.5423521399497986,0.8098301107555528
74302,0,0.17148861289024353,0.7839114265960445
74338,0,0.36317142844200134,0.744511767928069
74362,1,0.6565549373626709,0.7812960522352296
74426,0,0.05084482207894325,0.786501289703918
74705,0,0.343680202960968,0.7922887836349167
74714,0,0.22723999619483948,0.7564737029459004
74819,0,0.17668673396110535,0.779635499729605
74939,0,0.7464888095855713,0.7717252654514386
74989,0,0.6791702508926392,0.7727837806378914
74993,0,0.8290198445320129,0.7973308024504474
75003,0,0.20439442992210388,0.7665307427060378
75029,0,0.10520809143781662,0.7690897900356681
75052,0,0.17203788459300995,0.7605619680325686
75277,0,0.6096577048301697,0.7867237676542427
75336,0,0.48482364416122437,0.7772977223283523
75360,1,0.9403943419456482,0.7918815000702311
75391,0,0.46708571910858154,0.7577428719983278
75427,0,0.26368507742881775,0.7766261724126147
75510,0,0.09077410399913788,0.7392101516294688
75572,0,0.6484236717224121,0.7717106635051302
75734,0,0.5204195380210876,0.7854199982551213
75745,0,0.2681827247142792,0.7636846684599762
75885,1,0.015329348854720592,0.7367412582980335
76111,1,0.9044578671455383,0.7524478678242179
76170,0,0.70221346616745,0.7758078124558205
76180,1,0.7837924361228943,0.7603559529154497
76261,0,0.03507690131664276,0.747384911303399
76385,1,0.946422278881073,0.7887690331070946
76407,0,0.024683337658643723,0.7559443503843927
76423,0,0.4946209490299225,0.7532136106455207
76447,1,0.07538685947656631,0.7418791272053121
76558,0,0.028457917273044586,0.7678327789903298
76707,0,0.013665535487234592,0.7486957116066872
76776,0,0.03447660431265831,0.7354243580403175
76851,0,0.012439082376658916,0.7482784675415133
76861,0,0.05677451565861702,0.7436246119884155
76885,0,0.015412609092891216,0.7617396962287709
76911,0,0.01209155935794115,0.7445080106511321
77016,0,0.28630179166793823,0.7746754375102604
77049,0,0.056839074939489365,0.7357482316745751
77051,0,0.21369431912899017,0.751465143833204
77077,1,0.9961082339286804,0.7946772008808255
77139,0,0.02673381194472313,0.7351995605833794
77218,0,0.03664231300354004,0.7321145209820457
77235,0,0.0187362190335989,0.7225516880281015
77258,1,0.8199436068534851,0.7661833844279735
77279,1,0.7310190200805664,0.790350735053055
77282,0,0.03310669958591461,0.7620900445740331
77313,1,0.7025868892669678,0.7812643472447576
77329,1,0.9882445335388184,0.828367962566938
77343,1,0.5921828746795654,0.7698656900593635
77366,0,0.013105313293635845,0.7389849058741469
77369,0,0.3142598569393158,0.7829629736309435
77419,0,0.03308335319161415,0.7617362943498827
77608,0,0.035944610834121704,0.7024059766824409
77610,0,0.02818119339644909,0.7296913911665429
77618,0,0.027629168704152107,0.7861624595754557
77634,1,0.05883987620472908,0.7706608814687435
77832,0,0.02241443656384945,0.7605089653744816
77885,0,0.18503229320049286,0.7594475220039392
78004,0,0.012305259704589844,0.7364353854418855
78132,0,0.024502849206328392,0.7586703955163092
78174,0,0.029129112139344215,0.7420256640180121
78213,0,0.19812270998954773,0.7632939580889362
78230,1,0.9427502751350403,0.7845814227738608
78356,0,0.042266540229320526,0.7622828791886025
78360,0,0.0220849197357893,0.7453276166115423
78434,0,0.013579984195530415,0.7419449548553545
78477,0,0.031761057674884796,0.7627925034055041
78485,0,0.03586696460843086,0.7984300101750013
78579,0,0.21559299528598785,0.7466120807043248
78771,1,0.9596534371376038,0.780272750566451
78790,0,0.033416397869586945,0.7663692031015893
78795,0,0.7294051051139832,0.7904017798771178
78813,0,0.3932194113731384,0.7536788834805951
78887,0,0.03025149554014206,0.7706052661121656
78896,0,0.02855396270751953,0.7416668421811184
78944,0,0.015136945992708206,0.7566338408444739
78984,0,0.026152940467000008,0.7676309572196909
79008,0,0.9315979480743408,0.7765628501483655
79091,0,0.9718211889266968,0.8175668370109543
79196,0,0.4782075583934784,0.7683774700746092
79226,0,0.3931479752063751,0.7593983988632295
79266,0,0.3192678391933441,0.7708805697386593
79278,0,0.06483165174722672,0.7561072284246334
79299,0,0.04403165355324745,0.7570771418869754
79386,0,0.8640701174736023,0.7589828865428481
79398,0,0.18940886855125427,0.7587421124869882
79459,1,0.04066488519310951,0.728411027441118
79480,0,0.025208409875631332,0.7608729425494447
79502,0,0.22573837637901306,0.7732600857958521
79539,0,0.03195193037390709,0.7477805859705602
79714,1,0.9843132495880127,0.7846225113378654
79717,0,0.28485986590385437,0.7553342406125324
79757,1,0.7127242684364319,0.7745037861112012
79875,0,0.028058236464858055,0.7694027794420781
79908,0,0.27840083837509155,0.784566819033171
79920,0,0.04093378782272339,0.7952607786137953
79947,0,0.0686044842004776,0.7678877861574294
79958,0,0.013567496091127396,0.74416646381873
79984,0,0.020706992596387863,0.7357030769713212
80126,1,0.9874873161315918,0.8114045870912988
80152,1,0.4731445610523224,0.7702704412831932
80227,0,0.2119743525981903,0.7910880214650671
80249,0,0.1617601364850998,0.7568145193370845
80316,1,0.031691163778305054,0.7558586005678285
80367,1,0.9681756496429443,0.7875922733547864
80437,0,0.7938790321350098,0.7772023347975663
80502,0,0.9895197153091431,0.7936675524581116
80508,0,0.2596542537212372,0.7693267158099028
80523,0,0.13695192337036133,0.7552324036893749
80585,0,0.03962613642215729,0.7567682300703313
80609,0,0.026039525866508484,0.7725905574542282
80669,0,0.10039413720369339,0.7660004526744445
80894,0,0.7239142656326294,0.7695133181184639
80923,0,0.06347379088401794,0.7473811754170627
80951,0,0.11834943294525146,0.7533790250740096
81049,0,0.8867833614349365,0.7286422887239508
81068,1,0.9936615228652954,0.8017700657517988
81158,0,0.6422075629234314,0.7757234876965389
81174,1,0.983322262763977,0.8337804060744393
81233,0,0.02043803222477436,0.7374936101673064
81351,1,0.983765184879303,0.797571255414333
81390,0,0.44896137714385986,0.7768875530334307
81405,1,0.861997663974762,0.7785310305644271
81412,0,0.03197725862264633,0.7588756929448375
81421,0,0.010341769084334373,0.7433769978586124
81434,0,0.12213956564664841,0.7141289760162243
81566,0,0.17148467898368835,0.7789788924382715
81636,0,0.048407308757305145,0.7677847775495212
81677,0,0.021042359992861748,0.7695210010950446
81695,0,0.011360092088580132,0.7045054690161787
81739,0,0.012063618749380112,0.7494873354368803
81744,0,0.040614817291498184,0.7566635364937317
81747,0,0.0180478747934103,0.7663140775066176
81748,0,0.9529132843017578,0.7929124361669777
81981,0,0.03281726688146591,0.7750362812192695
82041,1,0.2283489853143692,0.8021345289790198
82067,0,0.010795347392559052,0.7528992216317582
82293,0,0.49049118161201477,0.7651984418151359
82318,0,0.022975273430347443,0.779233371743393
82324,1,0.7037288546562195,0.7610859871073
82342,0,0.033833786845207214,0.7726979650107348
82366,0,0.01307588443160057,0.7643980468135415
82463,0,0.05820751562714577,0.755442863381973
82557,1,0.28502124547958374,0.7604111929890986
82656,0,0.015539000742137432,0.7098741765139102
82679,0,0.012757716700434685,0.7516408846171305
82749,0,0.0258611012250185,0.7585947434249518
82752,0,0.29475775361061096,0.7743620895870432
82793,0,0.18767984211444855,0.7680227712606857
82822,0,0.7294893860816956,0.7743293712559814
82905,0,0.5889666080474854,0.7630961930932512
83376,0,0.013436646200716496,0.7541139203934869
83420,0,0.02200622297823429,0.7111865265143579
83555,1,0.7159690260887146,0.7878072610018083
83569,0,0.16491183638572693,0.7813232770331594
83619,0,0.02994472160935402,0.7719819524982525
83771,0,0.020963169634342194,0.7321676149741287
83782,0,0.015755681321024895,0.7417924263885953
83879,1,0.9922537207603455,0.8279772826890703
83916,1,0.8708860874176025,0.7824595819568688
83982,0,0.031249798834323883,0.777328468540166
83987,0,0.015916673466563225,0.7743332754351412
84019,0,0.011173383332788944,0.728707236151666
84094,0,0.013164087198674679,0.7692661570168557
84103,0,0.009842809289693832,0.7545618540575169
84156,0,0.023603759706020355,0.7532822791017998
84181,0,0.01782405376434326,0.7164944670421132
84194,0,0.022564120590686798,0.7322623397276811
84210,0,0.0572153702378273,0.7668538997972187
84246,0,0.29926082491874695,0.7717017121180462
84249,0,0.017750393599271774,0.7286401043588274
84259,0,0.059667397290468216,0.7572854503827333
84285,0,0.06501998752355576,0.748785951163837
84322,0,0.01081947423517704,0.7576190583714779
84350,0,0.9386271238327026,0.762685969326536
84457,0,0.36710649728775024,0.771533159250789
84552,0,0.052374664694070816,0.7944572645503725
84576,0,0.023085519671440125,0.7413839176508468
84680,0,0.026854828000068665,0.7472259107404072
84742,0,0.38919776678085327,0.7861485974213697
84935,0,0.1348644495010376,0.7589408077577509
84969,0,0.023714857175946236,0.7627589312089267
85045,0,0.02975314110517502,0.768688763905897
85073,0,0.015413288027048111,0.7347362003110567
85187,0,0.24612396955490112,0.7326566640178569
85212,0,0.0889979898929596,0.751687951852142
85249,0,0.5170937180519104,0.7636426974869246
85299,0,0.03633079677820206,0.74192067949095
85403,0,0.022785749286413193,0.7478631636196491
85437,0,0.2123885303735733,0.7616104460263585
85477,0,0.06192368268966675,0.7292252274289218
85615,0,0.0364309586584568,0.7630442235384249
85721,0,0.016736924648284912,0.7518813197663392
85828,0,0.021969227120280266,0.7505177043812391
85833,0,0.018209151923656464,0.7408687725376664
85857,0,0.017028020694851875,0.7484140387959243
85861,0,0.05007021874189377,0.7757427805117597
86004,0,0.01615164615213871,0.7359073576558457
86017,0,0.03525982424616814,0.7398377159548633
86063,0,0.013898392207920551,0.7312787308331157
86115,0,0.02442447654902935,0.7596390830359854
86138,0,0.044962335377931595,0.7581031631821936
86246,0,0.02514205314218998,0.7009781694294726
86315,0,0.02675817161798477,0.7797904468503456
86360,0,0.018435221165418625,0.7481849091092432
86411,0,0.06067686155438423,0.7259384326817955
86419,0,0.22013609111309052,0.7323135190339252
86422,0,0.23333822190761566,0.7476984602931849
86425,0,0.011934040114283562,0.7382595478766514
86466,0,0.009712759405374527,0.7368312740851342
86513,0,0.015284708701074123,0.7594091710567129
86667,0,0.027741212397813797,0.736829756106534
86701,0,0.1351565420627594,0.7476639738047917
86769,1,0.9637856483459473,0.7814796959283931
86789,0,0.057644687592983246,0.7381304532814452
86796,0,0.23224757611751556,0.74087756533258
86833,0,0.07610519975423813,0.7520585582098511
86837,0,0.013851220719516277,0.7334401768654716
87169,0,0.17934978008270264,0.7697544185165185
87226,1,0.992506206035614,0.7956260629007681
87237,1,0.8078022599220276,0.819934943273142
87299,1,0.9955886602401733,0.8195255371972893
87323,0,0.16853481531143188,0.7487590307495571
87336,0,0.6179561018943787,0.7891365784660747
87345,0,0.3690853714942932,0.7861306969471248
87372,0,0.016619380563497543,0.731856504992756
87506,0,0.6195735335350037,0.7610425297991996
87511,0,0.024586714804172516,0.7390087629017847
87530,1,0.9939720034599304,0.7887304598837845
87666,0,0.05176050588488579,0.7809808577022909
87698,0,0.8388592004776001,0.7805533846320635
87729,0,0.06416761875152588,0.7559349486128776
87744,1,0.4501946270465851,0.7640541337194876
87835,0,0.11671964079141617,0.7449770192757621
87902,0,0.03224068880081177,0.758190121461782
87959,1,0.7294946908950806,0.7895303351661025
88096,1,0.8084978461265564,0.7689600554449277
88106,1,0.7932949066162109,0.7912750683477081
88176,1,0.9734562039375305,0.7922693531513663
88254,0,0.13877710700035095,0.7634115095434462
88312,0,0.5783042907714844,0.7738992789594902
88353,0,0.020173553377389908,0.7583352065939172
88395,0,0.04265247657895088,0.7539236699058485
88508,0,0.028600381687283516,0.7671523909932164
88596,0,0.03640024736523628,0.770082441158279
88707,1,0.9911948442459106,0.7934541937837829
88723,0,0.017634151503443718,0.73680388943299
88781,1,0.667210042476654,0.7896618969955883
88819,1,0.3440476953983307,0.7699745999926885
88943,1,0.016933342441916466,0.7325950329852292
88977,0,0.04942931607365608,0.7535656909270693
89017,1,0.15734508633613586,0.767139706305688
89039,0,0.5479980707168579,0.7800650706846108
89119,0,0.5580958127975464,0.7771157420104503
89149,1,0.5724596381187439,0.7708518975829213
89244,0,0.0486140251159668,0.772677365435128
89273,0,0.6080266237258911,0.7850471782941768
89345,0,0.02303283102810383,0.75558161983178
89373,1,0.9706430435180664,0.7974666946462127
89468,0,0.021564902737736702,0.789221825885025
89543,0,0.029911071062088013,0.7344327161255599
89630,0,0.02805888094007969,0.7441652513439465
89693,0,0.18370336294174194,0.7812432560820795
89697,0,0.030909528955817223,0.7625733107101195
89706,0,0.037812478840351105,0.7458062795434364
90102,1,0.4892898201942444,0.7661717727501853
90153,0,0.20263387262821198,0.7677124570190366
90205,0,0.8625836372375488,0.788453685620935
90225,0,0.4297897517681122,0.7709543065149367
90263,0,0.033905718475580215,0.772294713681027
90285,0,0.05912582948803902,0.7565416298879303
90305,0,0.07211285829544067,0.7508267532553502
90330,0,0.022378746420145035,0.7622487290860781
90424,0,0.06303644180297852,0.7230300036252788
90431,1,0.9737473130226135,0.7972032983199075
90551,0,0.01929543726146221,0.7724372491440008
90625,0,0.011734106577932835,0.7515796813428799
90715,0,0.014819412492215633,0.7575498072532303
90726,0,0.022549448534846306,0.7674008505651361
90871,0,0.023470165207982063,0.7593744062937741
90876,0,0.14037999510765076,0.7386032595770106
90904,1,0.013890434056520462,0.743481157241198
90908,0,0.10197123140096664,0.7406632888167335
90923,0,0.42468735575675964,0.7729754903052712
90943,1,0.10391532629728317,0.7920404392436942
91005,0,0.14202025532722473,0.742005583318062
91061,0,0.026673946529626846,0.7487841064910774
91114,0,0.018164774402976036,0.7776245925463432
91201,1,0.9565556049346924,0.767401952313687
91265,0,0.011083767749369144,0.7377725432850286
91338,0,0.15773606300354004,0.7719282739546778
91388,0,0.0302847009152174,0.7709631220097024
91507,0,0.06229155883193016,0.7744241297347503
91524,0,0.016708463430404663,0.72841575741703
91587,1,0.9439947009086609,0.7788543200557252
91674,0,0.04901391267776489,0.7285939581900698
91690,0,0.10236294567584991,0.7613252819105738
91719,0,0.0687728151679039,0.735564637508648
91738,0,0.09820704162120819,0.7605260867543654
91806,0,0.012203884311020374,0.7485072818457046
91912,1,0.9921729564666748,0.7960939780280424
91971,0,0.027453280985355377,0.7430388594169497
92040,0,0.12806305289268494,0.7663385174545239
92126,0,0.012356119230389595,0.7422727669502409
92134,0,0.04070209339261055,0.7668508975998524
92231,0,0.2167310267686844,0.7622087641950372
92311,0,0.0092062558978796,0.7610417016781333
92350,1,0.42884376645088196,0.7847380402212678
92419,0,0.010740521363914013,0.7520529169044532
92448,0,0.015626931563019753,0.7134076590771803
92486,0,0.01018606685101986,0.7411965949015753
92661,0,0.010379013605415821,0.7253377403427923
92696,1,0.24469316005706787,0.7617323224268917
92721,1,0.9924494028091431,0.7813450652563341
92777,0,0.009693702682852745,0.7777051476608804
92825,0,0.4145904779434204,0.7623626984785268
92865,0,0.1935904324054718,0.766229865182615
92888,0,0.27715641260147095,0.7591670101288698
92955,0,0.05231103301048279,0.7934593324167722
93124,0,0.9617117047309875,0.8125719199865742
93134,0,0.281382292509079,0.77222057973961
93228,0,0.030510475859045982,0.7566671429121382
93250,0,0.1422675997018814,0.7370927355479217
93292,1,0.04846160113811493,0.7575963102457992
93298,0,0.007962201721966267,0.7546312750679668
93317,0,0.02811255119740963,0.7556594988345262
93412,0,0.9377883672714233,0.8084415475249308
93582,0,0.020679118111729622,0.7363981127550825
93604,0,0.04648299142718315,0.738939523884296
93654,0,0.009418291039764881,0.751146099298655
93660,1,0.8994642496109009,0.765900792615186
93662,1,0.9880428314208984,0.7940737642210586
93669,0,0.04250474274158478,0.7342986569670641
93752,0,0.03050634078681469,0.7603986089339194
93825,0,0.0855007991194725,0.7626409895262329
93826,0,0.03194332495331764,0.7372949617548528
93849,0,0.027355102822184563,0.7285228733613307
93880,0,0.07851186394691467,0.7781203053935597
93953,0,0.09175785630941391,0.7644951844682659
94023,0,0.013970797881484032,0.7577922626595166
94051,0,0.0223852451890707,0.7225197742168485
94156,0,0.020017752423882484,0.7401116625507445
94277,0,0.25892695784568787,0.7476735015418554
94300,0,0.05670727789402008,0.7597792449446549
94344,0,0.010998580604791641,0.7661607280589571
94373,1,0.4803502559661865,0.7905486132315163
94440,0,0.05191677063703537,0.7480325134088885
94448,0,0.9735573530197144,0.8089220524916352
94467,1,0.16412127017974854,0.7475175834207657
94469,0,0.022806057706475258,0.7302178453409249
94606,0,0.2766082286834717,0.7851909310309925
94731,0,0.010211936198174953,0.7534704332266466
94808,1,0.9253392219543457,0.7752260833442961
94848,1,0.20634403824806213,0.7349427264802804
94874,0,0.03443115949630737,0.7757520186993699
94942,0,0.02197011187672615,0.7495274203744373
95007,0,0.033358484506607056,0.7631440003463019
95043,0,0.009872613474726677,0.7289333540178918
95196,1,0.8213109970092773,0.7989212088958115
95235,0,0.521842896938324,0.796339089231751
95339,0,0.09083429723978043,0.7771862211814626
95406,0,0.034082140773534775,0.7419563725018268
95441,0,0.15888918936252594,0.7631211141234729
95481,1,0.9185715913772583,0.7631335971357491
95618,0,0.10594930499792099,0.7346450969028447
95778,0,0.7460070848464966,0.7779689334708326
95790,0,0.414019912481308,0.7651265537843192
95840,0,0.010198579169809818,0.7272197568847444
95855,0,0.026074133813381195,0.7562558481707901
95896,0,0.6005916595458984,0.7758588644550037
95926,1,0.12667545676231384,0.7801973745841293
96058,0,0.032346855849027634,0.7841906279565609
96194,0,0.9730033278465271,0.785453456770034
96199,0,0.032391421496868134,0.7683433246729395
96223,0,0.03450640290975571,0.7607213575482924
96245,0,0.018935058265924454,0.7732076049565086
96282,0,0.8953468203544617,0.8047132041274185
96350,0,0.019067008048295975,0.76420629882691
96388,0,0.03720073401927948,0.7530489762604049
96492,1,0.6884713768959045,0.776421486013793
96545,0,0.06908652186393738,0.77212831357886
96607,0,0.05132027715444565,0.7703125813260947
96663,0,0.02975228987634182,0.7096542139712007
96711,0,0.01322757638990879,0.7516633656673299
96804,0,0.027093343436717987,0.7572920417265725
96817,0,0.06358249485492706,0.7129795871806264
96829,1,0.7072612643241882,0.7966459739220564
96832,0,0.038485970348119736,0.7225024094154138
96906,0,0.018757743760943413,0.7248911571446196
97069,0,0.010401430539786816,0.7316779356547842
97082,0,0.3339731991291046,0.7590074993966954
97120,1,0.9773145914077759,0.7642542671899744
97121,1,0.9810314774513245,0.7931893739589198
97191,0,0.022399133071303368,0.7069414478365401
97213,0,0.010923311114311218,0.7256831089375939
97259,0,0.06892334669828415,0.7257571292128094
97267,0,0.041393354535102844,0.7673279974251381
97311,0,0.01690279319882393,0.721916547009503
97391,0,0.20899787545204163,0.7727513600841737
97395,0,0.027799183502793312,0.7656387138413409
97536,0,0.047514013946056366,0.7798176705833735
97567,0,0.016814159229397774,0.7445125450598813
97604,1,0.852738082408905,0.7866136523853607
97660,0,0.13441744446754456,0.7721310620877062
97707,0,0.033510614186525345,0.7752310980625444
97973,1,0.9434431791305542,0.8088928609467632
97988,1,0.8940780758857727,0.7834178462009591
97989,1,0.9581935405731201,0.8143312085348797
98078,1,0.9802750945091248,0.784973166768848
98116,0,0.5579932928085327,0.7570789130663982
98132,0,0.17640314996242523,0.7645145288467132
98235,0,0.7704041600227356,0.7792334188141303
98392,0,0.054408371448516846,0.7413073216885642
98579,0,0.09344379603862762,0.74681171752249
98590,1,0.4596554934978485,0.7509306303303038
98639,1,0.9824747443199158,0.8130455063777662
98682,0,0.750990629196167,0.7865930245709873
98708,0,0.6390506029129028,0.7841501448075473
98736,0,0.7139331102371216,0.7495818496700777
98746,0,0.6277006268501282,0.8041580608324559
98796,0,0.1537289172410965,0.7558939840317305
98886,0,0.9728953242301941,0.7769583566629366
98896,0,0.1569247841835022,0.7579640352142647
99150,1,0.9963181018829346,0.8140050693023962
99223,0,0.4190688729286194,0.7617131399213815
99249,0,0.1264689862728119,0.7744133021739283
99329,0,0.20762129127979279,0.7845092210188651
99438,0,0.017208430916070938,0.772912453117302
99458,1,0.992518424987793,0.7883643444105846
99657,0,0.7389482259750366,0.7566419746666233
99672,1,0.8219903707504272,0.7829081937562516
99713,0,0.31819337606430054,0.7597529767060673
99721,1,0.9359255433082581,0.7615718306168261
99769,1,0.7708072066307068,0.7786256195652734
99826,0,0.7010591626167297,0.7750944630313996
99877,0,0.2964373230934143,0.763918755782661
99880,0,0.14924409985542297,0.7802565192267112
99988,0,0.47116708755493164,0.780732427736196
100001,0,0.9561638236045837,0.7821757153597075
100114,0,0.21454653143882751,0.786187063340351
100136,0,0.09442723542451859,0.7833162693112086
100176,0,0.5861756205558777,0.7551301482824444
100231,1,0.9920738935470581,0.7876515665239185
100300,1,0.6342711448669434,0.757093329635908
100389,0,0.0371730774641037,0.7322483493214936
100464,0,0.6318624019622803,0.7857991780846556
100546,1,0.8505764007568359,0.7893721479780438
100622,0,0.03147180378437042,0.7915457463089455
100661,0,0.11402485519647598,0.7684796045388389
100863,0,0.21909262239933014,0.7672444604802527
101017,0,0.6643258333206177,0.8022368150343583
101054,0,0.1313331574201584,0.7911770194316583
101082,1,0.9150610566139221,0.7880094620459208
101094,0,0.07737880200147629,0.7615459433919176
101110,0,0.1165386512875557,0.7571504174793222
101121,0,0.02941119112074375,0.7505515801562829
101229,0,0.7933573126792908,0.7780412672670796
101237,1,0.9961767196655273,0.8056866697689437
101272,0,0.8626570105552673,0.7584117104556868
101349,0,0.05283959582448006,0.7550901506168362
101452,0,0.05820976942777634,0.7587372027715287
101474,0,0.23968391120433807,0.7659896880038009
101494,0,0.04469376429915428,0.7376772552796063
101526,1,0.9601495862007141,0.7858974839280433
101549,0,0.9671907424926758,0.8100243515082584
101640,1,0.4443691074848175,0.7607106916661136
101738,1,0.9615769386291504,0.811557802522224
101786,1,0.9941568374633789,0.7976624600027138
101812,0,0.663641095161438,0.7884220138073651
101822,0,0.03413049876689911,0.7481664144752509
101830,0,0.995398223400116,0.8011227214685763
101840,0,0.6497697234153748,0.8022405063831829
101878,1,0.674072265625,0.7844494850062024
101908,1,0.7237488627433777,0.7818717240245207
101921,0,0.019172199070453644,0.7612340533505328
101926,0,0.015163571573793888,0.7233539950925527
102041,1,0.23897893726825714,0.7980639040603418
102045,0,0.48371976613998413,0.803874526895946
102169,0,0.2805628180503845,0.7686857076761711
102173,0,0.08119124919176102,0.7626544323702951
102297,0,0.05170879140496254,0.7642518074848476
102311,0,0.020120898261666298,0.7345475808925597
102318,0,0.9292108416557312,0.8156490880808679
102340,0,0.6478764414787292,0.7956496486472311
102348,0,0.42008551955223083,0.7782706622237965
102466,0,0.01463394146412611,0.7560072293751601
102488,0,0.03598974645137787,0.7395902279642925
102521,0,0.8325534462928772,0.7831107688845761
102586,0,0.8944128751754761,0.8038542298211586
102629,0,0.47745928168296814,0.7534193133123668
102656,0,0.7691574692726135,0.7722056325430816
102670,0,0.062085431069135666,0.7554479825622472
102689,1,0.8413287401199341,0.7946414969439848
102777,0,0.04382111504673958,0.7672868053164421
102835,0,0.09644244611263275,0.7465891996554934
102837,0,0.08651091903448105,0.7793274166659852
102858,0,0.4047873020172119,0.7533020503134863
102978,0,0.3610302209854126,0.7955867657709528
103045,0,0.3269534111022949,0.7624672000130648
103080,1,0.9692420959472656,0.8252818410978047
103109,0,0.5352916717529297,0.7711185260570398
103164,0,0.02849825844168663,0.7629815649256153
103261,1,0.9956996440887451,0.7768618034457265
103364,1,0.9012662768363953,0.7669884545538308
103377,0,0.7931656837463379,0.7749401546172439
103415,0,0.9710196852684021,0.793838918130893
103547,1,0.16357873380184174,0.7461566337080718
103554,0,0.013481104746460915,0.7768678661050998
103659,1,0.9363099932670593,0.8004721612411476
103670,0,0.045639727264642715,0.7446012979459924
103883,0,0.5133782625198364,0.7261305856183193
104054,0,0.1624618023633957,0.7477350570126099
104083,0,0.6617045998573303,0.7670766784177742
104129,1,0.807590901851654,0.7633741146822237
104175,0,0.06886261701583862,0.7545890495095959
104180,0,0.8427751660346985,0.8029637471290065
104200,1,0.9507656097412109,0.7912287515242885
104216,0,0.5243749022483826,0.7844373871200597
104241,1,0.4935125708580017,0.7602236458210856
104257,0,0.01790853776037693,0.7628612566098272
104269,0,0.05604315921664238,0.7732586828486298
104339,0,0.045325689017772675,0.7527539424528757
104531,0,0.4793766438961029,0.7896966802242142
104569,0,0.9799718260765076,0.7940220720916631
104627,0,0.8279248476028442,0.7767703583736179
104714,1,0.41703668236732483,0.7973501041776642
104788,0,0.409402459859848,0.7856229184264565
104799,0,0.02491571754217148,0.7214800794390734
104858,1,0.9354467988014221,0.7965325127718541
104921,0,0.08570985496044159,0.7460896873461583
105081,0,0.025681443512439728,0.7385373285542967
105130,0,0.020003506913781166,0.7487058764666223
105146,0,0.015262503176927567,0.7586608072132833
105186,0,0.2881946861743927,0.7396864609699094
105305,0,0.10765235126018524,0.7227064103254663
105424,0,0.009052153676748276,0.7180507894324337
105434,0,0.05114644020795822,0.7300673924887544
105452,0,0.012912077829241753,0.7437098411707812
105464,0,0.015465861186385155,0.7259429585665658
105484,1,0.9835890531539917,0.7728487633869315
105586,1,0.9763761758804321,0.8289534785120535
105591,0,0.01552186906337738,0.7268490867685427
105603,1,0.06273311376571655,0.7314522257994867
105617,0,0.03334949538111687,0.7357929524667706
105729,0,0.011880002915859222,0.7612248788090769
105831,0,0.03566185384988785,0.7264149632960444
105849,0,0.014303895644843578,0.7412425115447687
105881,0,0.13448713719844818,0.7436529825671434
105926,0,0.18431425094604492,0.7597710492830924
105939,0,0.23073843121528625,0.7570161958196977
105968,0,0.26248446106910706,0.748571416950141
106016,0,0.053940583020448685,0.76113871584801
106159,0,0.01326567679643631,0.7050271168187627
106161,0,0.03134268894791603,0.6951528586721775
106216,0,0.0418231263756752,0.7497678437968271
106231,0,0.09300116449594498,0.7443389891607576
106235,0,0.03659100458025932,0.7563060704238043
106240,1,0.36751630902290344,0.7225948849310895
106352,0,0.02651682123541832,0.7350066742060282
106393,0,0.027041278779506683,0.7875781449214323
106440,0,0.028239116072654724,0.7552902395048512
106443,0,0.04830840602517128,0.7395992034880099
106480,0,0.01960580237209797,0.7299762053827274
106481,0,0.014642732217907906,0.7245946479442492
106574,0,0.29861438274383545,0.7868290257114167
106575,0,0.554690420627594,0.8097479392596876
106589,0,0.22191539406776428,0.7395647910362696
106921,0,0.08763325959444046,0.766559792153642
106976,0,0.01393358875066042,0.7438852109701164
106997,0,0.027741864323616028,0.7259549915445481
107013,0,0.010628731921315193,0.7276192974739184
107030,0,0.06184706836938858,0.7398624450722058
107034,0,0.012785348109900951,0.7322041469668042
107059,0,0.01571010798215866,0.7035848468371338
107107,0,0.01101172249764204,0.7277735931467294
107149,0,0.05722277611494064,0.7335343096577616
107184,0,0.02932208962738514,0.7426625437784752
107230,1,0.3053658604621887,0.7218064103700599
107255,0,0.10089626908302307,0.67039183339519
107292,0,0.02295222133398056,0.7367693512849949
107307,0,0.012084338814020157,0.7300633072606648
107419,1,0.9580845832824707,0.8041277964780764
107440,0,0.01571987196803093,0.740370130588423
107571,0,0.1203303262591362,0.7487074210713544
107709,0,0.2618981897830963,0.7732216182867809
107760,0,0.10221061110496521,0.7499572940413902
107855,1,0.9913930892944336,0.8087195396216653
107870,1,0.9838336110115051,0.790070422114896
107954,0,0.34079089760780334,0.7961839627883194
108090,0,0.2577929198741913,0.7859749256464161
108268,0,0.659038782119751,0.7732337738741987
108333,0,0.2749968469142914,0.7554807176200474
108535,0,0.5806258320808411,0.7602412857613279
108721,0,0.011230552569031715,0.7738807854970671
108737,0,0.29196661710739136,0.7482521746763705
108774,0,0.20655527710914612,0.7577217344869747
108819,0,0.46573933959007263,0.7658685887715801
108861,0,0.8068092465400696,0.7862498065140116
108904,0,0.7919039726257324,0.7978911436286842
108913,1,0.9498139023780823,0.7933362243214517
108948,0,0.8035612106323242,0.7862721958285789
108969,1,0.8588717579841614,0.7920873028315767
109018,0,0.2076488435268402,0.7819770067102471
109049,0,0.04819434508681297,0.7589488922860811
109068,0,0.11287091672420502,0.7890181024351739
109072,0,0.03385549038648605,0.7671201607751972
109090,0,0.01563374698162079,0.7605494923173198
109170,0,0.42177683115005493,0.7821844150903451
109199,0,0.12887850403785706,0.7484678910664532
109212,0,0.367362380027771,0.7892529552487343
109248,1,0.6605933308601379,0.8042708482495785
109261,1,0.9896057844161987,0.7928494880635889
109352,1,0.5792612433433533,0.7599196109170101
109468,0,0.24534039199352264,0.7873961677678761
109478,0,0.17334212362766266,0.7618643083342632
109479,0,0.19033220410346985,0.7879516919276506
109622,1,0.93131422996521,0.7970537051757377
109647,0,0.8801893591880798,0.794236874183899
109655,0,0.9315195083618164,0.787010033994099
109760,0,0.09103903919458389,0.7785487249944343
109795,0,0.04323827847838402,0.7582966495546744
109880,1,0.4653089940547943,0.746418128467023
109989,1,0.9130032658576965,0.7614211407725793
110270,1,0.981570303440094,0.8131197242874391
110322,1,0.9277935028076172,0.8036281757601782
110348,0,0.8660597801208496,0.7851717381736985
110428,0,0.18444202840328217,0.782681638357977
110509,0,0.27525272965431213,0.734128511942296
110516,0,0.25033411383628845,0.7849131792523052
110551,1,0.5651678442955017,0.776945357430348
110709,1,0.9798964262008667,0.797652734839069
110777,0,0.05218503251671791,0.7015617174010584
110848,0,0.06258583813905716,0.7579198472243203
110861,0,0.07519428431987762,0.7126740430226495
110915,0,0.0195568036288023,0.7278338962991856
111040,1,0.9872094392776489,0.7776315108432512
111069,0,0.9052761197090149,0.793341783585826
111111,0,0.11665422469377518,0.7679218100317431
111155,0,0.019999917596578598,0.7407769691309893
111182,0,0.029558850452303886,0.7146142672014215
111201,0,0.037867471575737,0.770781897265975
111214,0,0.045186206698417664,0.7614216411648174
111217,0,0.06612003594636917,0.7154621354485498
111223,0,0.10665744543075562,0.7465401347258622
111312,1,0.7073359489440918,0.7942467908313247
111318,0,0.046696919947862625,0.737856206304139
111373,0,0.1293981373310089,0.7924096910093978
111384,0,0.09923963248729706,0.7644324267204794
111462,0,0.012874245643615723,0.7551255713456153
111544,0,0.016748204827308655,0.7621755856858687
111690,0,0.018522731959819794,0.7387808046304472
111716,0,0.017683517187833786,0.7375460622351027
111841,0,0.01193826925009489,0.7186653824150625
111858,0,0.010224639438092709,0.7327978253803822
111904,0,0.01867319829761982,0.7378436098936958
111908,0,0.0389549545943737,0.7487614155378206
111944,0,0.015589207410812378,0.7306783490878428
111951,0,0.009502488188445568,0.7043620643106174
112047,0,0.28785422444343567,0.7447984870893957
112268,0,0.020350726321339607,0.7481453804269773
112276,0,0.015718279406428337,0.7356501445785288
112414,0,0.06945353746414185,0.7687665805642043
112494,0,0.019363941624760628,0.7212101385850398
112583,0,0.052178338170051575,0.7357401019639109
112584,1,0.293792188167572,0.7734035587577546
112590,0,0.018211401998996735,0.7324310003927363
112603,0,0.013202977366745472,0.7001049003295634
112624,0,0.05398524925112724,0.7661496771465457
112629,0,0.01622757874429226,0.7222196036111261
112781,1,0.35640719532966614,0.7635123434967835
112918,0,0.011914101429283619,0.7541842670373919
