Location,MinTemp,MaxTemp,Rainfall,WindGustDir,WindGustSpeed,WindDir9am,WindDir3pm,WindSpeed9am,WindSpeed3pm,Humidity9am,Humidity3pm,Pressure9am,Pressure3pm,Temp9am,Temp3pm,RainToday,RainTomorrow
Katherine,24.7,34.6,0.0,WNW,43.0,NW,W,17.0,19.0,74.0,49.0,1008.5,1005.0,28.7,34.1,0,0
Katherine,25.2,31.1,0.8,WNW,26.0,WNW,SW,11.0,7.0,88.0,77.0,1008.6,1004.1,27.0,29.0,0,0
Katherine,25.4,35.9,0.0,S,48.0,WSW,SW,13.0,15.0,82.0,55.0,1004.1,999.6,29.2,35.1,0,1
Katherine,21.6,33.0,81.0,W,37.0,NW,WNW,13.0,20.0,95.0,64.0,1005.1,1002.0,25.1,31.2,1,0
Katherine,24.5,35.7,0.0,NW,26.0,WNW,W,17.0,11.0,81.0,49.0,1008.4,1004.8,28.0,35.0,0,0
Katherine,25.2,36.5,0.0,NNW,39.0,W,N,9.0,9.0,77.0,50.0,1009.3,1004.3,28.5,35.2,0,1
Katherine,21.7,32.8,6.6,SSE,61.0,ESE,WNW,22.0,13.0,93.0,63.0,1009.8,1003.9,22.6,31.4,1,0
Katherine,21.7,35.9,0.4,SSW,46.0,W,S,9.0,9.0,85.0,53.0,1007.7,1002.3,28.5,34.8,0,1
Katherine,23.4,34.6,6.6,SSE,31.0,S,SSE,4.0,15.0,83.0,54.0,1007.1,1003.0,27.7,34.5,1,0
Katherine,23.2,37.3,0.0,NE,59.0,WNW,WNW,13.0,15.0,78.0,48.0,1007.8,1004.2,28.0,35.8,0,0
Katherine,22.9,37.0,0.0,NW,30.0,NNW,WSW,13.0,13.0,76.0,55.0,1008.5,1004.9,27.0,35.2,0,0
Katherine,25.1,37.5,0.0,E,74.0,WNW,W,20.0,11.0,77.0,47.0,1011.2,1007.2,29.5,36.2,0,0
Katherine,23.0,36.8,3.2,ENE,24.0,NNW,E,9.0,9.0,75.0,38.0,1011.4,1007.7,28.2,36.0,1,0
Katherine,22.9,37.0,0.0,WNW,22.0,NW,E,4.0,7.0,74.0,40.0,1011.1,1007.1,28.8,36.3,0,0
Katherine,22.6,37.0,0.0,NE,35.0,N,WSW,11.0,9.0,67.0,41.0,1011.2,1007.2,30.0,36.1,0,0
Katherine,24.8,37.5,0.0,SE,22.0,NW,NNW,15.0,6.0,65.0,35.0,1012.3,1007.7,29.8,36.8,0,0
Katherine,23.8,36.5,0.0,NE,28.0,NE,E,11.0,17.0,66.0,43.0,1011.5,1007.3,30.0,35.2,0,0
Katherine,24.4,32.5,0.0,E,43.0,SE,SE,15.0,11.0,69.0,77.0,1010.4,1006.5,29.7,30.0,0,1
Katherine,23.5,32.7,0.8,ENE,43.0,ESE,ESE,13.0,20.0,82.0,57.0,1008.0,1003.8,26.7,32.0,0,1
Katherine,24.8,33.8,3.4,ESE,43.0,E,ESE,19.0,26.0,87.0,88.0,1006.7,1002.6,26.0,28.1,1,1
Katherine,23.7,33.8,117.6,ESE,35.0,E,ESE,15.0,15.0,98.0,98.0,1006.4,1003.1,25.1,25.4,1,1
Katherine,23.2,29.6,79.4,NE,43.0,ENE,ENE,19.0,15.0,91.0,92.0,1006.5,1003.7,26.0,27.0,1,1
Katherine,22.5,33.6,0.0,E,37.0,E,ENE,9.0,13.0,86.0,55.0,1011.9,1008.1,26.1,31.5,0,1
Katherine,24.1,33.5,6.0,ESE,28.0,SE,ESE,7.0,15.0,87.0,52.0,1010.9,1007.7,26.5,32.5,1,0
Katherine,22.9,34.3,0.0,NE,59.0,ESE,E,13.0,19.0,64.0,48.0,1011.2,1007.0,27.8,34.0,0,0
Katherine,23.6,34.6,0.8,ENE,33.0,ENE,E,15.0,13.0,78.0,48.0,1010.9,1007.9,28.2,33.9,0,0
Katherine,23.9,33.0,0.0,SE,39.0,ESE,ESE,17.0,19.0,81.0,60.0,1011.6,1007.8,27.0,31.9,0,0
Katherine,22.6,34.4,0.0,E,39.0,ESE,ESE,17.0,19.0,78.0,53.0,1010.3,1007.5,27.3,32.5,0,0
Katherine,21.6,34.3,0.0,E,46.0,ESE,E,11.0,24.0,74.0,43.0,1011.0,1008.2,27.0,33.3,0,0
Katherine,21.8,35.2,0.0,E,35.0,SSE,ESE,15.0,17.0,81.0,36.0,1011.7,1007.9,27.5,34.6,0,0
Katherine,20.6,34.3,0.0,ESE,44.0,SE,SE,19.0,19.0,53.0,30.0,1009.8,1006.5,26.8,33.9,0,0
Katherine,18.2,33.8,0.0,SSE,37.0,SE,SE,19.0,20.0,44.0,32.0,1009.7,1006.5,26.2,33.1,0,0
Katherine,17.2,33.4,0.0,SSE,41.0,SE,SSE,13.0,15.0,62.0,31.0,1011.5,1008.2,24.8,32.8,0,0
Katherine,19.3,34.8,0.0,E,26.0,S,SSE,2.0,9.0,69.0,36.0,1011.2,1007.2,25.6,34.1,0,0
Katherine,21.2,35.4,0.0,S,30.0,NE,SE,4.0,9.0,71.0,37.0,1009.4,1005.7,27.7,35.0,0,0
Katherine,20.4,36.0,0.0,SSE,24.0,NW,SSE,9.0,7.0,76.0,29.0,1010.6,1006.8,26.9,35.6,0,0
Katherine,18.8,35.4,0.0,SE,41.0,ESE,ESE,13.0,20.0,69.0,32.0,1014.7,1011.4,26.5,34.7,0,0
Katherine,18.4,34.1,0.0,E,33.0,SSE,SE,7.0,19.0,63.0,35.0,1014.9,1011.1,26.8,33.3,0,0
Katherine,15.5,34.2,0.0,E,41.0,SSE,E,13.0,22.0,54.0,30.0,1014.9,1010.4,25.3,33.1,0,0
Katherine,16.3,35.0,0.0,ESE,48.0,SE,ENE,9.0,20.0,67.0,31.0,1013.1,1008.6,24.2,34.0,0,0
Katherine,21.1,35.5,0.0,SE,44.0,SE,ESE,13.0,19.0,64.0,38.0,1011.8,1008.5,27.7,34.6,0,0
Katherine,21.2,35.9,0.0,E,44.0,E,E,17.0,24.0,70.0,45.0,1013.0,1009.5,28.1,34.5,0,0
Katherine,21.5,35.3,0.0,E,46.0,ENE,ESE,20.0,19.0,78.0,37.0,1014.3,1010.7,27.7,34.0,0,0
Katherine,21.1,34.9,0.0,ESE,35.0,E,SE,19.0,17.0,71.0,32.0,1013.4,1009.2,27.5,34.4,0,0
Katherine,20.5,35.3,0.0,ESE,37.0,ENE,SE,11.0,17.0,72.0,27.0,1011.9,1008.4,27.6,34.6,0,0
Katherine,18.9,34.3,0.0,ESE,37.0,ENE,ESE,19.0,24.0,63.0,34.0,1012.1,1008.9,26.3,33.2,0,0
Katherine,15.7,33.7,0.0,ESE,43.0,SE,SE,13.0,17.0,71.0,40.0,1013.1,1009.1,24.0,32.1,0,0
Katherine,19.4,34.1,0.0,ESE,41.0,E,E,17.0,17.0,72.0,34.0,1013.8,1009.5,26.2,33.7,0,0
Katherine,21.4,34.9,0.0,ENE,37.0,E,E,13.0,17.0,80.0,44.0,1013.5,1009.5,26.0,33.1,0,0
Katherine,25.3,33.9,0.0,ENE,43.0,E,ESE,15.0,20.0,75.0,43.0,1013.2,1009.1,27.3,32.5,0,0
Katherine,19.5,34.6,0.0,SE,33.0,NE,ENE,20.0,22.0,70.0,36.0,1012.8,1010.2,27.0,33.9,0,0
Katherine,20.3,33.6,0.0,SSE,31.0,S,SSE,17.0,19.0,75.0,46.0,1013.8,1010.2,26.1,32.0,0,0
Katherine,20.3,33.4,0.0,SE,37.0,SE,ESE,20.0,17.0,61.0,45.0,1012.9,1008.9,23.3,30.2,0,0
Katherine,19.6,32.9,0.0,E,33.0,ESE,ESE,15.0,13.0,68.0,46.0,1012.1,1008.4,25.0,31.8,0,0
Katherine,22.4,32.1,0.0,SSE,24.0,NE,SE,9.0,11.0,72.0,58.0,1012.8,1009.8,26.8,31.2,0,0
Katherine,22.1,34.4,0.0,E,39.0,E,E,22.0,17.0,70.0,51.0,1013.7,1010.0,26.8,32.8,0,0
Katherine,22.6,35.5,0.0,NE,33.0,E,ENE,9.0,13.0,77.0,41.0,1013.1,1009.3,26.9,34.4,0,0
Katherine,23.2,34.9,0.0,W,24.0,NW,W,7.0,11.0,77.0,49.0,1013.1,1009.0,27.5,34.3,0,0
Katherine,20.4,27.9,0.0,SE,50.0,SE,SE,30.0,24.0,42.0,25.0,1016.5,1012.5,22.2,27.4,0,0
Katherine,14.8,27.1,0.0,ESE,50.0,ESE,SE,22.0,24.0,44.0,31.0,1017.0,1013.4,19.3,26.1,0,0
Katherine,10.9,28.9,0.0,ESE,44.0,SE,ESE,19.0,24.0,49.0,30.0,1016.0,1012.7,19.5,28.1,0,0
Katherine,16.9,31.1,0.0,E,44.0,E,E,22.0,20.0,42.0,31.0,1014.8,1011.4,24.6,30.1,0,0
Katherine,17.1,32.0,0.0,ESE,37.0,E,ENE,17.0,13.0,37.0,43.0,1014.9,1011.5,31.1,31.6,0,0
Katherine,17.1,33.3,0.0,E,50.0,E,ESE,20.0,24.0,62.0,32.0,1013.5,1009.3,26.0,32.6,0,0
Katherine,17.3,34.9,0.0,ESE,41.0,ESE,ESE,13.0,20.0,60.0,32.0,1011.6,1007.8,24.6,33.0,0,0
Katherine,15.5,30.1,0.0,ESE,37.0,ESE,E,22.0,17.0,38.0,32.0,1017.9,1013.7,21.4,29.5,0,0
Katherine,14.1,31.4,0.0,E,33.0,SE,ESE,15.0,15.0,58.0,29.0,1017.5,1013.2,19.9,30.6,0,0
Katherine,13.6,33.5,0.0,NNE,31.0,ENE,E,11.0,7.0,47.0,26.0,1015.1,1010.3,22.0,32.2,0,0
Katherine,15.9,33.5,0.0,NE,24.0,NNE,ESE,9.0,11.0,61.0,33.0,1013.6,1009.2,24.5,32.2,0,0
Katherine,15.4,33.2,0.0,E,35.0,SSE,ESE,6.0,20.0,51.0,16.0,1014.1,1010.7,22.7,32.5,0,0
Katherine,15.7,32.0,0.0,E,44.0,SE,ESE,15.0,26.0,49.0,21.0,1017.2,1013.6,21.2,31.0,0,0
Katherine,16.0,29.2,0.0,SE,48.0,SE,SE,24.0,24.0,35.0,28.0,1019.9,1015.2,21.2,29.0,0,0
Katherine,9.4,26.6,0.0,E,54.0,ESE,ESE,20.0,24.0,34.0,15.0,1019.0,1014.5,16.9,26.2,0,0
Katherine,7.9,28.3,0.0,ESE,41.0,SE,ENE,7.0,13.0,63.0,25.0,1017.4,1012.6,17.0,27.2,0,0
Katherine,11.9,30.6,0.0,ESE,28.0,ENE,N,17.0,11.0,70.0,37.0,1015.4,1010.5,20.9,29.8,0,0
Katherine,15.4,32.4,0.0,SE,39.0,SE,E,13.0,20.0,64.0,35.0,1015.5,1011.7,21.3,31.8,0,0
Katherine,20.1,32.9,0.0,E,41.0,SE,E,15.0,26.0,40.0,36.0,1015.7,1012.2,23.8,32.1,0,0
Katherine,18.6,32.9,0.0,ESE,48.0,SE,ESE,13.0,20.0,70.0,30.0,1016.7,1012.9,23.5,32.5,0,0
Katherine,21.1,32.7,0.0,E,48.0,ESE,E,11.0,28.0,61.0,45.0,1016.0,1012.0,25.2,31.5,0,0
Katherine,17.4,32.5,0.0,E,48.0,SE,E,19.0,24.0,73.0,56.0,1015.5,1011.5,22.8,30.5,0,0
Katherine,12.9,32.1,0.0,ENE,41.0,E,ENE,4.0,19.0,61.0,22.0,1014.8,1009.6,21.8,31.2,0,0
Katherine,15.3,32.6,0.0,NW,24.0,N,N,11.0,9.0,61.0,35.0,1014.0,1009.2,23.2,31.0,0,0
Katherine,16.8,33.6,0.0,E,28.0,N,ENE,13.0,17.0,68.0,29.0,1013.7,1009.3,24.3,32.0,0,0
Katherine,15.4,33.3,0.0,ESE,39.0,ESE,SE,2.0,24.0,56.0,27.0,1013.2,1008.6,22.6,32.5,0,0
Katherine,14.9,27.4,0.0,SE,50.0,SE,ESE,30.0,19.0,21.0,14.0,1020.2,1015.7,18.1,26.7,0,0
Katherine,7.2,27.9,0.0,E,48.0,ESE,E,20.0,19.0,22.0,10.0,1019.4,1015.0,17.7,26.5,0,0
Katherine,5.2,29.7,0.0,E,39.0,ESE,ENE,11.0,13.0,47.0,25.0,1017.6,1013.4,15.5,28.8,0,0
Katherine,9.9,32.3,0.0,NNE,35.0,SE,N,7.0,11.0,40.0,30.0,1016.4,1012.0,18.4,31.0,0,0
Katherine,13.2,32.6,0.0,SE,46.0,SE,E,13.0,24.0,58.0,29.0,1014.7,1010.4,21.4,32.0,0,0
Katherine,11.1,30.5,0.0,SE,48.0,SE,SE,26.0,19.0,21.0,12.0,1018.6,1014.0,21.6,29.9,0,0
Katherine,9.5,31.0,0.0,ESE,43.0,E,ESE,11.0,19.0,48.0,13.0,1017.1,1013.2,20.0,30.0,0,0
Katherine,8.9,31.6,0.0,ESE,41.0,SE,SSE,17.0,20.0,49.0,10.0,1017.4,1012.6,18.1,31.0,0,0
Katherine,8.5,31.5,0.0,SE,43.0,S,SE,2.0,20.0,49.0,16.0,1016.5,1012.1,18.4,31.0,0,0
Katherine,7.9,32.1,0.0,E,43.0,SE,E,9.0,19.0,39.0,13.0,1016.0,1010.9,19.9,31.4,0,0
Katherine,11.3,34.6,0.0,ESE,35.0,NE,ESE,2.0,15.0,64.0,16.0,1014.4,1009.7,24.0,33.7,0,0
Katherine,15.2,36.1,0.0,E,26.0,NNW,N,7.0,9.0,67.0,20.0,1015.5,1010.0,24.8,35.5,0,0
Katherine,18.5,35.7,0.0,WNW,26.0,NW,SSE,13.0,9.0,67.0,31.0,1014.8,1009.5,26.5,34.8,0,0
Katherine,18.5,35.7,0.0,ENE,28.0,N,ESE,13.0,11.0,62.0,26.0,1014.1,1009.9,27.2,35.0,0,0
Katherine,16.9,35.6,0.0,ESE,41.0,ENE,E,13.0,9.0,55.0,24.0,1015.6,1010.9,25.4,35.0,0,0
Katherine,18.1,37.0,0.0,E,31.0,WNW,E,7.0,15.0,62.0,23.0,1013.7,1009.4,26.1,36.0,0,0
Katherine,20.6,33.3,0.0,SSE,31.0,ESE,SSE,13.0,15.0,56.0,38.0,1015.3,1011.3,24.7,32.0,0,0
Katherine,16.4,32.4,0.0,ESE,46.0,ESE,ESE,19.0,17.0,22.0,10.0,1017.6,1013.7,23.1,31.0,0,0
Katherine,11.8,31.3,0.0,ESE,44.0,SE,ESE,15.0,19.0,44.0,10.0,1018.8,1013.7,21.3,30.4,0,0
Katherine,8.4,32.6,0.0,SE,39.0,SE,E,15.0,17.0,35.0,30.0,1018.1,1013.1,20.3,31.6,0,0
Katherine,14.4,35.0,0.0,E,28.0,SW,SSE,2.0,15.0,59.0,18.0,1016.5,1011.4,24.3,34.0,0,0
Katherine,16.0,35.8,0.0,ENE,33.0,N,E,13.0,20.0,55.0,23.0,1016.1,1010.6,26.5,35.0,0,0
Katherine,18.3,35.6,0.0,ESE,26.0,NNW,ESE,9.0,17.0,69.0,29.0,1016.3,1011.5,27.0,34.3,0,0
Katherine,18.5,37.2,0.0,ESE,54.0,W,ESE,7.0,24.0,59.0,21.0,1016.5,1011.7,27.5,36.5,0,0
Katherine,15.3,34.6,0.0,ENE,52.0,E,ENE,15.0,28.0,45.0,23.0,1017.9,1012.5,25.5,34.0,0,0
Katherine,16.7,34.5,0.0,E,50.0,NE,ESE,9.0,28.0,64.0,25.0,1017.4,1012.7,24.0,34.0,0,0
Katherine,17.2,33.6,0.0,E,59.0,SE,ENE,7.0,22.0,60.0,27.0,1017.1,1012.7,23.5,32.8,0,0
Katherine,15.7,33.2,0.0,E,59.0,E,ESE,13.0,28.0,63.0,27.0,1017.1,1012.7,23.2,32.2,0,0
Katherine,15.7,33.3,0.0,E,56.0,E,E,15.0,20.0,61.0,51.0,1017.5,1012.4,23.6,31.6,0,0
Katherine,15.2,33.7,0.0,ENE,41.0,E,E,15.0,24.0,49.0,27.0,1016.9,1011.9,24.6,32.8,0,0
Katherine,17.9,34.9,0.0,SE,35.0,NE,E,7.0,9.0,45.0,21.0,1016.7,1010.8,25.2,33.9,0,0
Katherine,23.4,35.5,0.0,SSE,31.0,NNE,SSE,13.0,11.0,50.0,24.0,1016.1,1009.8,28.0,35.0,0,0
Katherine,20.8,36.0,0.0,N,28.0,NNW,SSE,9.0,9.0,73.0,32.0,1013.8,1008.7,27.1,35.0,0,0
Katherine,22.2,37.8,0.0,ESE,33.0,NW,N,11.0,7.0,64.0,92.0,1014.2,1009.1,27.4,36.8,0,0
Katherine,21.4,37.9,0.0,E,30.0,WNW,ENE,13.0,11.0,63.0,21.0,1015.4,1009.2,28.3,36.9,0,0
Katherine,22.6,37.6,0.0,NW,26.0,NNW,W,15.0,11.0,54.0,28.0,1014.5,1008.4,29.2,36.5,0,0
Katherine,22.5,38.2,0.0,NW,30.0,NNW,WNW,9.0,15.0,70.0,24.0,1013.1,1007.2,28.5,38.0,0,0
Katherine,25.4,37.7,0.0,WNW,28.0,NNW,NE,17.0,9.0,66.0,47.0,1013.1,1007.7,28.7,36.4,0,0
Katherine,23.9,38.0,0.0,NW,33.0,WNW,NW,17.0,7.0,66.0,27.0,1011.8,1006.4,28.7,36.7,0,0
Katherine,26.6,38.0,0.0,NE,41.0,NNW,SE,13.0,13.0,65.0,35.0,1011.3,1005.9,28.8,36.8,0,0
Katherine,26.1,36.3,0.0,NNW,50.0,N,WNW,11.0,9.0,59.0,40.0,1010.0,1006.6,30.0,33.2,0,0
Katherine,23.9,38.0,0.0,NW,28.0,NW,SW,7.0,7.0,68.0,32.0,1010.9,1006.3,29.0,36.1,0,0
Katherine,25.1,39.4,0.0,NW,33.0,NW,NE,15.0,11.0,39.0,22.0,1011.1,1006.5,31.9,39.0,0,0
Katherine,25.4,33.6,0.0,W,33.0,SW,W,17.0,7.0,65.0,47.0,1013.4,1009.1,27.0,31.1,0,0
Katherine,21.7,39.0,0.0,ENE,39.0,NW,WSW,9.0,11.0,54.0,24.0,1012.6,1006.8,30.1,38.1,0,0
Katherine,24.0,38.9,0.0,N,33.0,N,NNW,7.0,17.0,50.0,20.0,1013.4,1008.3,28.5,38.0,0,0
Katherine,23.2,38.9,0.0,E,30.0,NNE,NNE,13.0,13.0,54.0,24.0,1014.1,1009.2,29.0,37.4,0,0
Katherine,21.2,37.9,0.0,WNW,28.0,N,NW,13.0,7.0,56.0,31.0,1012.7,1007.3,29.0,37.0,0,0
Katherine,22.5,38.1,0.0,E,39.0,NE,ENE,13.0,22.0,61.0,34.0,1013.1,1006.8,29.3,37.8,0,0
Katherine,19.3,39.0,0.0,ENE,44.0,NNW,ESE,11.0,20.0,62.0,25.0,1013.0,1007.2,29.0,38.5,0,0
Katherine,21.0,39.5,0.0,ENE,39.0,NNW,ENE,9.0,24.0,61.0,25.0,1014.5,1008.6,29.0,39.2,0,0
Katherine,21.6,40.1,0.0,SE,35.0,W,SE,7.0,17.0,55.0,23.0,1013.9,1008.8,30.2,39.0,0,0
Katherine,26.9,38.4,0.2,SE,67.0,W,S,9.0,17.0,63.0,36.0,1014.0,1008.4,30.3,35.3,0,0
Katherine,20.9,38.1,0.0,ESE,43.0,E,ESE,30.0,13.0,36.0,13.0,1014.0,1007.8,30.1,37.0,0,0
Katherine,18.9,38.5,0.0,WSW,26.0,NW,ENE,11.0,11.0,56.0,13.0,1012.4,1006.4,28.5,38.0,0,0
Katherine,22.9,38.5,0.0,NNE,39.0,NNW,S,15.0,9.0,52.0,59.0,1012.1,1006.5,29.6,38.0,0,0
Katherine,24.8,39.0,0.0,NNE,43.0,NW,SSE,11.0,13.0,48.0,21.0,1011.2,1006.4,31.0,38.4,0,0
Katherine,27.2,39.6,0.0,NNW,35.0,WNW,SSW,15.0,20.0,62.0,33.0,1012.1,1007.1,29.4,37.6,0,0
Katherine,25.9,41.5,0.0,N,33.0,WNW,ESE,17.0,17.0,39.0,21.0,1012.7,1006.8,31.7,40.8,0,0
Katherine,26.9,40.7,0.0,ENE,31.0,NNW,W,11.0,7.0,35.0,21.0,1012.4,1007.0,34.0,39.9,0,0
Katherine,24.6,39.5,0.0,SE,31.0,N,NW,9.0,17.0,52.0,21.0,1011.8,1006.6,30.1,39.2,0,0
Katherine,24.1,40.1,0.0,SE,41.0,NW,ESE,15.0,28.0,47.0,17.0,1011.8,1005.7,30.0,39.4,0,0
Katherine,26.4,40.8,0.0,E,48.0,NNW,E,13.0,19.0,57.0,23.0,1011.1,1006.1,30.5,40.0,0,0
Katherine,23.5,35.5,12.0,NNE,48.0,SE,SSW,7.0,17.0,64.0,37.0,1015.0,1010.4,29.0,35.0,1,1
Katherine,24.1,37.6,2.2,SSW,46.0,S,S,11.0,30.0,56.0,93.0,1014.7,1009.7,30.0,35.0,1,0
Katherine,23.5,39.8,0.0,ENE,43.0,WNW,SE,7.0,24.0,57.0,29.0,1013.1,1007.5,31.1,39.0,0,0
Katherine,25.0,39.6,0.0,SE,37.0,NNW,ESE,11.0,4.0,56.0,30.0,1012.0,1006.0,31.4,38.2,0,0
Katherine,27.5,40.0,0.0,NW,39.0,NNW,WSW,11.0,9.0,58.0,66.0,1010.9,1006.3,31.3,38.0,0,0
Katherine,27.6,37.9,0.0,NW,31.0,WNW,E,9.0,9.0,66.0,48.0,1011.3,1006.5,30.5,36.5,0,0
Katherine,24.7,39.3,0.0,ESE,39.0,NW,SSE,11.0,17.0,63.0,38.0,1011.8,1006.8,30.2,36.0,0,0
Katherine,26.2,39.5,0.0,ESE,46.0,SE,SSE,17.0,22.0,25.0,18.0,1013.9,1008.5,31.8,38.5,0,0
Katherine,23.0,41.3,0.0,ENE,44.0,S,E,6.0,31.0,48.0,8.0,1014.1,1008.5,32.0,41.0,0,0
Katherine,28.1,40.5,0.0,E,37.0,N,ENE,9.0,15.0,60.0,38.0,1013.7,1007.6,32.1,36.0,0,0
Katherine,24.9,39.0,0.0,NE,37.0,N,ENE,15.0,19.0,58.0,23.0,1013.4,1008.1,31.2,38.3,0,0
Katherine,25.0,39.5,0.0,ESE,33.0,W,SE,7.0,19.0,62.0,26.0,1013.9,1007.5,30.5,37.3,0,0
Katherine,25.6,39.6,0.0,SSW,37.0,NW,SSE,17.0,11.0,53.0,27.0,1013.2,1007.4,31.8,39.1,0,0
Katherine,26.3,40.5,0.0,ENE,35.0,NNW,SE,13.0,17.0,66.0,65.0,1012.6,1007.1,31.5,40.0,0,0
Katherine,24.4,40.9,0.0,ENE,46.0,SE,ESE,6.0,20.0,55.0,16.0,1012.7,1007.5,31.5,40.0,0,0
Katherine,25.1,41.0,0.0,SSE,39.0,WNW,ESE,9.0,11.0,56.0,62.0,1012.7,1006.9,31.8,40.5,0,0
Katherine,23.4,40.3,0.0,ENE,43.0,N,SE,11.0,24.0,65.0,21.0,1012.2,1006.4,30.6,40.2,0,0
Katherine,25.0,40.3,0.0,E,30.0,NW,SW,17.0,11.0,62.0,26.0,1011.0,1005.1,29.8,38.8,0,0
Katherine,27.6,39.8,0.0,NNW,33.0,NNW,SE,19.0,11.0,62.0,32.0,1010.6,1004.7,31.2,38.0,0,0
Katherine,27.7,40.8,0.0,NNW,33.0,NW,E,15.0,11.0,56.0,26.0,1010.2,1005.1,32.5,40.0,0,0
Katherine,26.4,39.4,0.0,SE,44.0,W,S,13.0,19.0,58.0,38.0,1010.4,1004.2,30.0,38.8,0,1
Katherine,24.4,38.6,16.4,SW,44.0,N,S,2.0,9.0,70.0,45.0,1009.1,1003.3,29.1,33.0,1,1
Katherine,24.2,39.5,5.4,ESE,50.0,SSE,NNE,6.0,17.0,69.0,25.0,1008.8,1003.0,27.9,39.0,1,0
Katherine,24.5,38.8,6.6,E,48.0,E,ENE,11.0,20.0,85.0,68.0,1011.3,1006.2,29.5,35.0,1,1
Katherine,24.5,37.8,9.2,ENE,48.0,E,ESE,7.0,22.0,69.0,37.0,1010.8,1006.3,29.5,35.0,1,0
Katherine,26.7,40.0,0.0,NNW,39.0,WNW,NE,13.0,19.0,64.0,23.0,1008.7,1003.7,30.8,40.0,0,0
Katherine,27.4,40.4,0.0,S,72.0,W,NW,24.0,9.0,64.0,31.0,1007.9,1001.4,32.0,39.5,0,1
Katherine,23.1,39.0,19.4,WNW,48.0,NW,WNW,13.0,20.0,64.0,99.0,1006.7,1001.1,30.4,37.1,1,0
Katherine,25.5,38.4,0.0,NE,46.0,SE,NW,13.0,7.0,71.0,37.0,1008.4,1002.6,29.0,37.5,0,0
Katherine,25.8,34.5,0.0,WSW,61.0,E,W,11.0,28.0,77.0,84.0,1009.3,1005.5,27.0,26.0,0,0
Katherine,24.2,37.6,0.6,NNE,39.0,WNW,N,6.0,13.0,70.0,35.0,1007.7,1002.9,29.2,37.0,0,0
Katherine,26.0,35.7,0.0,W,35.0,WSW,W,13.0,20.0,69.0,87.0,1008.3,1004.6,29.6,25.7,0,1
Katherine,25.3,35.5,2.8,NNE,72.0,E,WNW,17.0,11.0,78.0,47.0,1007.9,1001.6,28.2,35.0,1,0
Katherine,25.1,29.5,0.4,WNW,52.0,WNW,SE,6.0,7.0,83.0,92.0,1007.3,1004.3,27.8,26.0,0,1
Katherine,23.1,33.5,23.2,SSW,57.0,ESE,W,6.0,9.0,86.0,95.0,1005.3,1001.4,26.7,32.7,1,1
Katherine,24.0,36.7,11.0,S,56.0,W,NE,15.0,11.0,83.0,54.0,1005.6,1000.4,28.8,36.4,1,1
Katherine,23.5,34.4,42.4,SW,44.0,WNW,NW,11.0,13.0,83.0,62.0,1007.1,1002.6,27.2,34.0,1,1
Katherine,24.1,37.4,1.0,SSE,94.0,WNW,WNW,15.0,13.0,73.0,41.0,1008.2,1003.0,30.6,37.0,0,1
Katherine,22.7,36.9,35.4,NNW,37.0,SSE,NW,4.0,9.0,75.0,48.0,1009.6,1005.1,28.3,35.8,1,1
Katherine,25.9,33.6,8.0,E,57.0,NNW,WNW,13.0,11.0,77.0,62.0,1010.3,1006.7,29.6,33.1,1,1
Katherine,24.1,35.0,7.0,ENE,50.0,E,WSW,7.0,7.0,84.0,86.0,1010.9,1006.5,27.0,34.0,1,0
Katherine,24.5,37.0,0.0,W,37.0,NNW,NNE,6.0,9.0,78.0,43.0,1008.5,1004.0,29.5,36.0,0,1
Katherine,23.5,34.7,16.0,SSW,72.0,WSW,SW,2.0,17.0,94.0,59.0,1007.5,1004.0,25.5,33.0,1,1
Katherine,23.1,35.7,25.8,ESE,37.0,SE,E,15.0,15.0,78.0,42.0,1009.7,1006.5,27.4,35.0,1,0
Katherine,24.9,37.7,0.0,ESE,39.0,NE,E,9.0,15.0,64.0,63.0,1010.4,1007.0,31.0,36.0,0,0
Katherine,23.9,38.3,0.0,E,35.0,NNW,ESE,6.0,19.0,63.0,94.0,1010.0,1006.5,31.3,38.0,0,0
Katherine,25.7,36.5,0.0,NW,22.0,WNW,WSW,13.0,9.0,76.0,43.0,1009.7,1005.5,29.9,36.0,0,0
Katherine,25.6,38.7,0.0,WNW,28.0,NNW,WNW,19.0,7.0,69.0,41.0,1007.8,1003.7,31.2,37.5,0,0
Katherine,27.6,38.6,0.0,NNW,22.0,NNW,E,9.0,9.0,82.0,50.0,1008.7,1004.2,30.7,38.0,0,0
Katherine,25.8,38.4,0.0,WSW,26.0,NW,WNW,13.0,11.0,80.0,48.0,1008.1,1004.3,31.3,37.0,0,0
Katherine,26.7,38.6,0.1,N,37.0,N,NE,7.0,24.0,64.0,80.0,1008.2,1004.2,31.3,34.0,0,0
Katherine,25.9,38.8,0.0,NE,41.0,WSW,SSW,7.0,15.0,80.0,39.0,1009.7,1004.2,31.0,37.0,0,0
Katherine,25.5,38.7,0.0,NE,57.0,NNW,SSW,6.0,6.0,64.0,32.0,1008.5,1004.3,29.6,38.0,0,0
Katherine,25.0,38.0,0.0,SSW,37.0,N,NNE,11.0,13.0,56.0,53.0,1008.5,1004.4,31.8,37.0,0,1
Katherine,22.7,37.0,19.4,SW,37.0,S,SE,19.0,17.0,71.0,61.0,1009.4,1004.6,29.1,36.2,1,0
Katherine,22.7,38.2,0.0,ENE,39.0,ESE,ENE,4.0,20.0,71.0,51.0,1009.7,1006.0,28.9,38.2,0,1
Katherine,24.8,37.8,0.0,N,31.0,NW,SSE,9.0,11.0,66.0,93.0,1009.3,1005.1,32.3,37.0,0,0
Katherine,25.4,37.3,0.0,N,39.0,NNW,NE,4.0,9.0,76.0,100.0,1009.4,1004.6,29.0,35.0,0,0
Katherine,25.2,37.5,0.0,NW,31.0,NE,ESE,9.0,9.0,64.0,100.0,1009.3,1005.3,30.3,35.0,0,0
Katherine,26.0,35.1,0.0,N,43.0,S,W,11.0,9.0,76.0,98.0,1009.7,1004.1,29.9,34.0,0,1
Katherine,24.1,29.1,15.6,SE,24.0,SE,WSW,15.0,11.0,97.0,87.0,1010.1,1007.8,27.0,27.8,1,0
Katherine,23.4,33.7,27.8,N,31.0,N,SSE,7.0,11.0,87.0,55.0,1010.0,1006.3,25.5,33.0,1,0
Katherine,24.7,37.2,0.0,NW,33.0,SW,NNW,9.0,13.0,75.0,100.0,1010.1,1006.8,30.0,36.0,0,0
Katherine,25.4,36.3,0.2,SW,28.0,W,NNW,2.0,15.0,71.0,69.0,1009.8,1006.1,30.1,31.8,0,1
Katherine,24.9,37.8,3.2,NW,24.0,WNW,NNE,13.0,6.0,72.0,65.0,1008.8,1005.3,29.9,32.1,1,0
Katherine,26.8,38.9,0.0,SW,28.0,WNW,NW,11.0,9.0,74.0,62.0,1009.9,1006.0,30.7,37.3,0,0
Katherine,27.8,37.3,0.0,SE,76.0,WNW,W,19.0,19.0,75.0,100.0,1009.8,1005.3,30.5,36.0,0,1
Katherine,24.6,36.9,0.0,NNE,41.0,SW,NW,7.0,7.0,67.0,43.0,1007.9,1004.3,29.0,36.0,0,0
Katherine,24.9,37.5,0.0,SE,30.0,SW,SE,6.0,13.0,74.0,48.0,1009.1,1005.4,28.7,36.0,0,0
Katherine,20.5,38.2,0.0,ESE,37.0,SE,SSE,13.0,20.0,46.0,17.0,1007.7,1003.8,29.5,38.0,0,0
Katherine,20.3,40.0,0.0,SE,28.0,S,ESE,6.0,15.0,45.0,46.0,1006.0,1002.1,29.2,40.0,0,0
Katherine,25.3,37.6,0.0,WSW,65.0,E,W,6.0,13.0,65.0,54.0,1008.9,1004.6,30.0,36.2,0,0
Katherine,24.0,35.4,0.6,ESE,70.0,E,SE,13.0,15.0,64.0,69.0,1009.0,1004.8,30.4,30.1,0,1
Katherine,22.9,35.1,4.4,SE,57.0,SSE,SE,9.0,17.0,77.0,46.0,1006.9,1002.5,28.0,34.7,1,1
Katherine,24.0,30.5,6.0,E,50.0,ESE,SE,17.0,13.0,82.0,94.0,1004.1,999.7,26.9,25.8,1,1
Katherine,24.5,31.6,20.8,ESE,43.0,ESE,E,24.0,17.0,87.0,87.0,1000.8,996.6,26.6,28.7,1,1
Katherine,25.1,31.5,8.0,NNE,56.0,NE,N,22.0,33.0,86.0,94.0,998.9,998.1,26.6,28.2,1,1
Katherine,24.1,32.3,25.0,N,46.0,NNW,N,22.0,30.0,89.0,98.0,1004.6,1001.5,26.3,30.3,1,1
Katherine,25.1,30.6,8.2,NNW,52.0,NNW,NNW,19.0,19.0,85.0,92.0,1005.4,1001.1,27.0,28.0,1,1
Katherine,23.9,34.0,9.8,WNW,43.0,N,NW,13.0,17.0,79.0,51.0,1005.5,1001.4,28.5,34.0,1,0
Katherine,24.8,32.2,0.8,W,59.0,NW,W,15.0,20.0,83.0,91.0,1005.5,1003.3,27.0,25.0,0,1
Katherine,24.1,34.0,12.1,NW,37.0,NW,NW,15.0,24.0,81.0,73.0,1005.4,1002.1,27.3,33.7,1,0
Katherine,23.4,33.9,59.6,ESE,43.0,WNW,WSW,2.0,6.0,92.0,61.0,1007.1,1003.0,25.9,32.0,1,1
Katherine,24.3,33.3,41.0,ESE,30.0,NE,SSE,13.0,11.0,87.0,56.0,1006.7,1003.3,27.0,33.0,1,1
Katherine,24.5,33.4,2.6,NNW,33.0,ENE,NW,9.0,17.0,95.0,85.0,1006.2,1002.3,27.4,28.5,1,1
Katherine,24.2,34.7,9.2,NW,41.0,NW,ESE,9.0,13.0,84.0,55.0,1005.9,1001.7,27.2,33.6,1,0
Katherine,24.1,34.6,0.8,ENE,54.0,E,NE,13.0,7.0,78.0,46.0,1006.0,1001.0,28.1,33.8,0,1
Katherine,23.9,33.6,19.8,E,31.0,E,ESE,7.0,19.0,85.0,66.0,1004.7,1000.8,27.5,32.0,1,1
Katherine,25.0,34.1,4.6,NNW,35.0,NNW,E,11.0,9.0,86.0,74.0,1005.2,1001.3,26.8,34.0,1,1
Katherine,23.9,32.5,2.0,NE,50.0,NNW,N,13.0,28.0,75.0,66.0,1003.4,1000.9,28.3,31.0,1,1
Katherine,21.0,28.2,69.5,NW,33.0,N,SSW,20.0,9.0,98.0,78.0,1000.0,997.8,24.0,28.0,1,1
Katherine,23.3,32.2,15.0,NW,50.0,N,N,19.0,19.0,89.0,96.0,1003.0,998.9,26.1,25.2,1,1
Katherine,23.0,32.3,17.4,NW,44.0,W,NW,19.0,28.0,96.0,93.0,1003.5,1000.4,23.5,25.4,1,1
Katherine,23.2,33.2,10.2,NNW,52.0,NW,NNE,13.0,20.0,89.0,58.0,1004.8,1001.5,25.7,33.0,1,1
Katherine,23.9,35.2,19.4,NW,54.0,NNE,N,13.0,9.0,79.0,51.0,1007.1,1003.6,28.9,34.0,1,1
Katherine,24.4,34.4,5.4,WNW,63.0,W,WNW,6.0,20.0,93.0,57.0,1007.3,1002.8,26.9,33.8,1,1
Katherine,25.1,35.4,12.4,NNW,35.0,NW,WNW,13.0,11.0,76.0,86.0,1007.9,1003.3,28.6,35.0,1,1
Katherine,24.7,34.0,6.6,N,41.0,WNW,WNW,11.0,15.0,87.0,56.0,1007.2,1003.4,27.2,33.5,1,0
Katherine,25.5,32.2,0.0,WSW,41.0,WNW,W,15.0,20.0,82.0,64.0,1008.6,1004.2,27.7,31.7,0,1
Katherine,25.4,33.1,11.8,E,30.0,S,E,7.0,17.0,92.0,84.0,1007.5,1002.8,26.6,32.1,1,0
Katherine,24.0,35.5,0.0,ESE,28.0,SSE,SSE,6.0,13.0,94.0,93.0,1005.8,1002.4,27.3,34.6,0,0
Katherine,23.2,34.5,0.0,WNW,33.0,NNW,NW,20.0,20.0,83.0,52.0,1007.9,1003.4,26.2,32.8,0,0
Katherine,22.6,33.7,0.0,WNW,35.0,WNW,S,17.0,9.0,75.0,62.0,1008.2,1004.6,28.5,29.4,0,1
Katherine,21.8,34.5,5.2,SSE,33.0,S,SSE,7.0,17.0,82.0,78.0,1009.9,1006.5,26.2,34.2,1,0
Katherine,19.6,34.5,0.0,ESE,33.0,SSE,SE,9.0,13.0,82.0,45.0,1009.7,1006.3,25.0,34.1,0,0
Katherine,20.0,35.3,0.0,ENE,24.0,SE,S,15.0,11.0,74.0,32.0,1009.3,1005.6,25.6,34.0,0,0
Katherine,22.1,34.6,0.0,WNW,26.0,NNW,WNW,6.0,11.0,61.0,47.0,1009.7,1005.8,29.4,33.2,0,0
Katherine,23.3,34.8,0.0,NW,31.0,NW,NW,17.0,19.0,75.0,49.0,1009.6,1005.3,28.6,33.2,0,0
Katherine,25.6,34.4,0.0,WNW,41.0,NW,W,17.0,28.0,79.0,57.0,1009.5,1004.9,28.3,31.7,0,1
Katherine,24.7,34.6,5.5,NNW,46.0,N,WNW,9.0,20.0,85.0,52.0,1008.9,1005.5,28.1,34.4,1,1
Katherine,23.3,32.6,33.4,NW,30.0,WNW,WNW,20.0,15.0,94.0,62.0,1010.3,1006.2,24.0,32.1,1,1
Katherine,23.1,32.6,7.6,NW,44.0,NW,WNW,7.0,7.0,85.0,39.0,1010.1,1006.0,27.0,28.0,1,1
Katherine,23.2,34.4,84.0,NW,28.0,WNW,NNW,9.0,15.0,87.0,56.0,1010.0,1005.1,26.8,33.0,1,1
Katherine,24.5,34.1,4.6,NW,33.0,E,E,11.0,9.0,84.0,66.0,1010.1,1006.0,26.9,33.0,1,0
Katherine,24.6,34.4,0.0,E,28.0,SE,E,13.0,6.0,88.0,64.0,1011.1,1007.2,27.0,33.5,0,0
Katherine,24.6,34.6,0.0,SE,43.0,E,SE,17.0,13.0,73.0,46.0,1010.4,1006.1,29.7,34.2,0,0
Katherine,24.1,35.2,0.0,ESE,39.0,SSW,ENE,6.0,13.0,83.0,44.0,1009.4,1005.7,27.7,35.0,0,0
Katherine,22.9,35.4,3.2,SSE,30.0,WSW,S,7.0,13.0,83.0,54.0,1010.3,1006.1,27.3,34.5,1,0
Katherine,23.7,36.0,0.0,SSE,31.0,W,SSE,13.0,20.0,75.0,39.0,1010.6,1006.8,28.2,35.4,0,0
Katherine,22.5,36.2,3.0,E,31.0,SE,SSE,7.0,17.0,90.0,92.0,1010.4,1006.6,29.0,35.8,1,0
Katherine,24.4,35.7,0.0,SSE,26.0,N,SE,6.0,13.0,67.0,46.0,1012.0,1007.6,29.8,34.7,0,0
Katherine,23.6,36.6,0.0,SSE,30.0,NE,ESE,6.0,17.0,74.0,92.0,1011.0,1007.2,28.5,26.0,0,0
Katherine,21.8,36.7,0.0,SE,41.0,NNW,SE,6.0,15.0,71.0,89.0,1011.8,1008.3,28.7,35.3,0,0
Katherine,21.9,36.4,0.0,E,50.0,ENE,E,19.0,33.0,62.0,41.0,1012.8,1009.5,28.9,36.0,0,0
Katherine,21.8,37.0,0.0,ESE,44.0,ESE,ESE,13.0,20.0,70.0,35.0,1012.5,1008.1,27.9,36.2,0,0
Katherine,23.2,37.5,0.0,E,41.0,NNW,E,7.0,17.0,66.0,34.0,1010.5,1006.1,29.9,36.7,0,0
Katherine,21.3,37.9,0.0,ENE,31.0,NW,SSE,9.0,11.0,74.0,32.0,1009.8,1005.3,28.9,36.9,0,0
Katherine,23.2,37.7,0.0,E,33.0,ENE,E,6.0,11.0,57.0,32.0,1009.7,1005.7,30.1,36.7,0,0
Katherine,23.9,36.7,0.0,E,39.0,ESE,E,13.0,19.0,75.0,46.0,1010.9,1007.7,29.5,35.8,0,0
Katherine,22.5,36.5,4.2,E,39.0,SE,E,9.0,20.0,76.0,31.0,1010.8,1007.0,26.6,36.0,1,0
Katherine,19.6,35.7,0.0,E,35.0,SE,SE,15.0,15.0,50.0,21.0,1012.0,1008.6,27.0,34.8,0,0
Katherine,15.5,34.6,0.0,SSE,39.0,SE,SE,11.0,19.0,45.0,27.0,1012.2,1007.9,25.1,34.0,0,0
Katherine,14.9,35.7,0.0,ESE,33.0,ESE,NE,7.0,11.0,52.0,47.0,1012.8,1008.4,24.8,35.0,0,0
Katherine,19.9,36.6,0.0,E,35.0,SE,E,9.0,17.0,57.0,42.0,1012.7,1008.0,28.7,35.7,0,0
Katherine,24.4,38.2,0.0,ENE,24.0,NNE,E,7.0,11.0,66.0,38.0,1012.6,1009.0,30.1,37.5,0,1
Katherine,24.3,37.3,4.8,SE,39.0,SW,SE,6.0,28.0,82.0,40.0,1012.7,1007.9,27.4,36.3,1,0
Katherine,24.5,38.1,0.0,SE,33.0,SW,SSE,6.0,13.0,74.0,33.0,1011.1,1006.1,29.1,37.2,0,0
Katherine,24.4,37.2,0.0,E,33.0,NNW,E,11.0,19.0,71.0,39.0,1010.0,1006.3,30.0,35.6,0,0
Katherine,23.7,37.1,0.0,SE,31.0,NNW,SE,13.0,20.0,76.0,39.0,1011.8,1007.4,30.2,35.5,0,0
Katherine,22.6,36.8,0.0,ESE,30.0,N,E,11.0,15.0,71.0,38.0,1011.4,1007.5,29.8,36.0,0,0
Katherine,22.9,37.1,0.0,E,35.0,NE,ESE,6.0,20.0,65.0,87.0,1012.1,1007.7,29.8,37.0,0,0
Katherine,20.9,37.0,0.0,E,30.0,NNW,SE,9.0,20.0,64.0,31.0,1011.5,1007.9,30.0,37.0,0,0
Katherine,24.4,37.4,0.0,N,20.0,WNW,SSE,7.0,9.0,70.0,35.0,1010.7,1006.8,29.6,37.0,0,0
Katherine,25.2,35.8,0.0,NNE,33.0,WSW,E,11.0,17.0,75.0,53.0,1010.6,1005.9,28.6,33.2,0,1
Katherine,23.6,36.1,9.2,WSW,24.0,SSW,SW,9.0,6.0,80.0,94.0,1010.9,1006.5,27.1,35.7,1,0
Katherine,24.6,36.8,0.0,SE,28.0,NW,E,7.0,15.0,85.0,58.0,1010.8,1006.3,28.5,36.0,0,0
Katherine,23.3,35.3,0.0,SW,30.0,W,NE,7.0,7.0,89.0,86.0,1009.4,1005.6,26.1,35.0,0,0
Katherine,24.4,36.8,0.4,SE,31.0,S,ESE,7.0,9.0,77.0,38.0,1008.5,1005.0,27.7,36.0,0,0
Katherine,23.5,34.0,0.0,ENE,28.0,ESE,ESE,13.0,11.0,58.0,47.0,1009.4,1007.1,29.3,32.2,0,0
Katherine,20.5,36.0,0.0,ESE,31.0,SE,SSE,9.0,11.0,51.0,34.0,1010.9,1007.5,28.4,33.5,0,0
Katherine,23.6,35.3,0.0,ENE,59.0,ESE,SE,17.0,19.0,73.0,44.0,1012.5,1009.3,27.7,34.1,0,0
Katherine,22.0,35.2,0.0,E,41.0,SE,SE,17.0,17.0,66.0,43.0,1012.6,1007.9,28.1,33.5,0,1
Katherine,20.9,34.9,1.2,ESE,43.0,ESE,ESE,13.0,22.0,82.0,37.0,1011.7,1008.1,25.5,35.0,1,0
Katherine,22.2,35.0,0.0,SE,44.0,ESE,ENE,13.0,20.0,72.0,93.0,1011.7,1008.8,27.1,34.0,0,0
Katherine,20.7,35.9,0.0,SSE,41.0,E,ESE,20.0,26.0,85.0,39.0,1012.5,1007.8,26.5,35.7,0,0
Katherine,21.1,36.2,0.0,SE,41.0,E,ESE,22.0,24.0,83.0,34.0,1010.5,1006.0,26.5,35.2,0,0
Katherine,21.7,34.4,0.0,SSE,35.0,SE,ESE,13.0,15.0,67.0,40.0,1009.3,1005.9,27.9,33.8,0,0
Katherine,21.4,34.7,0.0,SSE,41.0,SE,SE,9.0,19.0,73.0,43.0,1009.9,1006.0,27.6,34.1,0,0
Katherine,23.1,34.9,0.0,S,41.0,ESE,SE,15.0,20.0,72.0,93.0,1010.3,1005.9,28.3,33.0,0,0
Katherine,24.6,34.6,0.2,ENE,48.0,E,ESE,17.0,20.0,78.0,51.0,1011.3,1007.2,28.0,34.0,0,1
Katherine,23.7,34.0,15.8,ESE,33.0,ENE,ESE,11.0,9.0,86.0,48.0,1013.2,1009.3,26.6,33.8,1,0
Katherine,22.8,36.0,0.0,ESE,35.0,E,NE,11.0,13.0,45.0,39.0,1012.4,1008.5,27.5,34.8,0,0
Katherine,21.4,37.4,0.0,E,43.0,NNE,E,13.0,24.0,70.0,37.0,1012.6,1008.9,27.5,36.7,0,0
Katherine,22.0,36.1,0.0,SSE,35.0,NNE,SSE,6.0,15.0,61.0,30.0,1014.1,1010.1,29.0,35.5,0,0
Katherine,21.7,36.2,0.0,S,24.0,ESE,ENE,7.0,9.0,63.0,34.0,1014.3,1009.2,27.9,36.0,0,0
Katherine,17.4,34.3,0.0,SE,46.0,SE,SE,13.0,20.0,77.0,35.0,1015.1,1010.7,24.5,33.5,0,0
Katherine,17.6,34.4,0.0,E,41.0,SE,ESE,13.0,19.0,60.0,31.0,1013.6,1008.9,25.1,33.3,0,0
Katherine,18.6,34.0,0.0,ESE,44.0,ESE,ENE,13.0,22.0,74.0,36.0,1013.7,1009.8,24.9,34.0,0,0
Katherine,19.9,34.8,0.0,E,43.0,ESE,E,11.0,22.0,75.0,35.0,1014.5,1010.8,25.4,33.0,0,0
Katherine,20.4,34.3,0.0,E,35.0,E,ENE,19.0,17.0,76.0,38.0,1014.5,1010.4,26.2,32.8,0,0
Katherine,21.6,34.8,0.0,SE,39.0,E,ESE,24.0,24.0,67.0,93.0,1014.2,1010.5,27.4,34.0,0,0
Katherine,22.6,32.7,0.0,E,41.0,E,ESE,24.0,13.0,67.0,35.0,1014.8,1011.7,27.1,32.0,0,0
Katherine,20.4,33.7,0.0,ESE,39.0,ESE,E,15.0,22.0,66.0,33.0,1014.9,1010.5,26.4,33.2,0,0
Katherine,19.7,34.0,0.0,SSE,43.0,E,E,22.0,19.0,65.0,31.0,1013.6,1009.9,26.7,33.0,0,0
Katherine,19.5,34.2,0.0,ENE,35.0,SE,SE,9.0,15.0,67.0,32.0,1014.2,1009.8,26.0,33.5,0,0
Katherine,19.8,35.0,0.0,E,41.0,E,SE,13.0,20.0,70.0,28.0,1015.3,1011.0,26.5,35.0,0,0
Katherine,16.1,34.8,0.0,E,50.0,ESE,ESE,11.0,19.0,57.0,25.0,1015.7,1011.0,24.7,34.5,0,0
Katherine,16.0,37.0,0.0,ESE,50.0,SSE,ENE,6.0,22.0,61.0,18.0,1015.5,1011.3,25.0,36.0,0,0
Katherine,21.1,35.2,0.0,ENE,39.0,ENE,E,9.0,7.0,65.0,30.0,1015.6,1011.3,27.6,34.8,0,0
Katherine,19.2,34.0,0.0,E,33.0,ENE,E,11.0,17.0,73.0,32.0,1015.4,1010.4,25.7,33.7,0,0
Katherine,16.9,32.8,0.0,ENE,39.0,ESE,ESE,9.0,20.0,72.0,34.0,1014.8,1010.1,24.5,32.2,0,0
Katherine,20.0,34.3,0.0,E,35.0,ENE,ENE,9.0,15.0,74.0,31.0,1014.4,1009.7,26.1,34.0,0,0
Katherine,18.6,34.5,0.0,E,41.0,E,ESE,15.0,17.0,66.0,36.0,1013.3,1009.6,26.5,34.0,0,0
Katherine,20.1,33.4,0.0,SE,30.0,E,SE,15.0,17.0,77.0,36.0,1014.2,1010.0,24.7,32.3,0,0
Katherine,19.7,33.4,0.0,E,43.0,ESE,SE,20.0,17.0,63.0,65.0,1013.7,1009.9,25.2,33.0,0,0
Katherine,17.1,32.8,0.0,ESE,43.0,SE,SE,20.0,20.0,61.0,65.0,1014.5,1010.0,23.9,32.0,0,0
Katherine,22.8,33.3,0.0,E,44.0,ESE,ESE,20.0,20.0,75.0,81.0,1014.4,1010.5,25.2,32.7,0,0
Katherine,17.0,33.5,0.0,ESE,44.0,SE,ESE,20.0,24.0,87.0,29.0,1014.1,1010.0,24.5,32.7,0,0
Katherine,20.9,34.0,0.0,ESE,46.0,SE,ESE,20.0,24.0,40.0,30.0,1013.4,1009.9,26.1,33.0,0,0
Katherine,23.4,31.2,0.0,SE,52.0,ESE,SE,31.0,24.0,66.0,66.0,1014.5,1011.0,24.5,31.0,0,0
Katherine,18.9,30.2,0.0,ESE,50.0,SE,SE,24.0,26.0,39.0,26.0,1016.0,1012.0,21.3,30.0,0,0
Katherine,15.0,29.5,0.0,E,46.0,ESE,E,22.0,24.0,33.0,23.0,1016.0,1010.8,21.5,28.9,0,0
Katherine,10.9,29.0,0.0,E,39.0,SE,E,20.0,11.0,66.0,85.0,1014.0,1009.4,19.1,28.4,0,0
Katherine,10.6,31.5,0.0,SE,22.0,SE,ESE,11.0,7.0,84.0,26.0,1011.3,1007.9,20.3,30.3,0,0
Katherine,12.8,33.2,0.0,SSW,24.0,SE,S,11.0,11.0,58.0,29.0,1012.7,1009.4,21.7,32.2,0,0
Katherine,17.3,28.9,0.0,SSE,39.0,SE,SSE,24.0,28.0,58.0,45.0,1016.2,1012.3,21.4,28.0,0,0
Katherine,15.3,26.7,0.0,SE,46.0,SE,SE,31.0,20.0,36.0,24.0,1018.3,1014.4,19.2,26.0,0,0
Katherine,11.2,26.9,0.0,E,37.0,SE,ESE,24.0,17.0,42.0,23.0,1018.7,1014.6,16.9,26.4,0,0
Katherine,9.7,28.5,0.0,ESE,46.0,SE,E,15.0,9.0,40.0,26.0,1018.7,1014.1,17.2,27.5,0,0
Katherine,15.4,32.8,0.0,ESE,39.0,SE,ENE,17.0,19.0,50.0,37.0,1016.7,1013.4,22.8,31.0,0,0
Katherine,19.4,33.1,0.0,E,43.0,ESE,ESE,15.0,20.0,67.0,40.0,1015.7,1012.0,25.0,32.5,0,0
Katherine,21.0,33.5,0.0,E,37.0,E,E,13.0,17.0,71.0,60.0,1016.6,1013.1,25.2,32.6,0,0
Katherine,16.3,31.2,0.0,E,43.0,ESE,ESE,11.0,22.0,72.0,23.0,1018.6,1014.8,22.9,30.6,0,0
Katherine,10.3,30.4,0.0,SE,46.0,SE,SE,13.0,24.0,43.0,58.0,1019.1,1013.7,20.7,30.0,0,0
Katherine,6.5,30.5,0.0,E,46.0,SE,SE,9.0,24.0,48.0,64.0,1017.7,1014.1,16.0,30.3,0,0
Katherine,8.5,29.7,0.0,ESE,46.0,ESE,ESE,17.0,22.0,39.0,66.0,1019.8,1014.9,18.9,28.7,0,0
Katherine,10.7,29.1,0.0,ESE,37.0,SE,ESE,13.0,24.0,36.0,19.0,1019.7,1015.1,18.9,29.0,0,0
Katherine,10.2,30.8,0.0,ESE,31.0,ESE,E,15.0,9.0,62.0,31.0,1017.3,1013.0,18.8,30.0,0,0
Katherine,12.5,31.5,0.0,S,35.0,SE,SE,13.0,17.0,54.0,30.0,1016.2,1011.8,21.8,31.5,0,0
Katherine,13.9,29.7,0.0,ESE,41.0,ESE,E,22.0,19.0,30.0,46.0,1017.4,1013.9,21.9,24.0,0,0
Katherine,8.0,26.9,0.0,ESE,52.0,ESE,SE,28.0,19.0,37.0,21.0,1020.7,1016.0,16.3,26.0,0,0
Katherine,8.9,27.2,0.0,ESE,44.0,SE,ESE,13.0,20.0,40.0,16.0,1021.3,1016.7,15.9,26.6,0,0
Katherine,7.6,27.5,0.0,E,37.0,SE,ESE,13.0,15.0,42.0,16.0,1019.8,1014.4,14.7,26.2,0,0
Katherine,10.7,31.4,0.0,SE,30.0,SE,SE,11.0,15.0,51.0,19.0,1015.2,1011.0,19.1,30.7,0,0
Katherine,14.4,32.0,0.0,NE,35.0,ESE,NE,17.0,15.0,56.0,31.0,1015.6,1010.8,20.3,30.0,0,0
Katherine,16.5,31.7,0.0,ENE,35.0,NE,E,17.0,17.0,69.0,39.0,1016.0,1011.6,22.5,30.5,0,0
Katherine,16.0,32.8,0.0,SE,39.0,SE,ESE,11.0,17.0,71.0,32.0,1016.8,1012.7,22.9,32.3,0,0
Katherine,11.5,30.8,0.0,ESE,30.0,ESE,ESE,15.0,17.0,41.0,20.0,1018.6,1014.0,19.3,30.5,0,0
Katherine,11.4,33.0,0.0,ESE,43.0,E,ESE,13.0,22.0,73.0,29.0,1019.2,1014.7,21.8,32.0,0,0
Katherine,16.8,34.2,0.0,SSE,31.0,SSE,S,7.0,11.0,50.0,23.0,1017.3,1012.2,23.4,33.0,0,0
Katherine,17.2,34.0,0.0,SE,35.0,ESE,SE,7.0,17.0,53.0,31.0,1016.4,1012.0,24.3,34.0,0,0
Katherine,16.5,32.4,0.0,ESE,39.0,ESE,E,19.0,20.0,31.0,19.0,1019.0,1014.6,22.6,31.4,0,0
Katherine,12.5,31.1,0.0,ESE,44.0,ESE,ESE,19.0,22.0,22.0,26.0,1018.4,1014.1,26.6,30.4,0,0
Katherine,12.2,31.2,0.0,ESE,43.0,SE,ESE,13.0,15.0,49.0,26.0,1018.0,1013.7,21.6,30.4,0,0
Katherine,9.1,35.5,0.0,ESE,39.0,ESE,ENE,11.0,9.0,37.0,13.0,1019.5,1013.2,18.9,29.6,0,0
Katherine,14.8,33.1,0.0,E,43.0,SE,SSE,19.0,22.0,33.0,14.0,1017.9,1013.2,23.7,32.5,0,0
Katherine,11.5,32.0,0.0,E,50.0,ESE,ESE,22.0,24.0,74.0,20.0,1017.1,1012.2,20.5,31.4,0,0
Katherine,9.7,31.9,0.0,E,44.0,SE,E,15.0,22.0,40.0,9.0,1017.2,1012.7,20.8,31.0,0,0
Katherine,11.1,31.6,0.0,ESE,44.0,SE,E,13.0,17.0,35.0,14.0,1017.4,1013.3,21.0,31.0,0,0
Katherine,10.5,32.8,0.0,SE,41.0,SE,E,13.0,22.0,29.0,15.0,1017.2,1011.8,21.3,32.0,0,0
Katherine,11.9,34.0,0.0,ESE,35.0,SE,E,7.0,11.0,40.0,17.0,1016.4,1011.3,21.8,33.0,0,0
Katherine,13.0,36.0,0.0,ESE,50.0,ENE,ESE,7.0,20.0,38.0,12.0,1016.3,1011.6,22.8,35.0,0,0
Katherine,13.6,34.7,0.0,SSE,39.0,ESE,ESE,22.0,11.0,38.0,11.0,1015.5,1009.4,23.8,33.7,0,0
Katherine,11.0,35.2,0.0,E,30.0,SSW,ESE,6.0,11.0,44.0,47.0,1014.8,1009.4,20.5,35.0,0,0
Katherine,12.1,36.1,0.0,NE,39.0,N,E,9.0,22.0,40.0,74.0,1015.5,1011.0,23.3,35.0,0,0
Katherine,15.3,36.8,0.0,ENE,43.0,W,ESE,7.0,22.0,56.0,14.0,1016.9,1012.2,25.2,36.0,0,0
Katherine,15.3,36.2,0.0,WNW,31.0,NW,E,9.0,19.0,55.0,15.0,1017.3,1012.6,26.2,35.6,0,0
Katherine,17.0,37.0,0.0,SE,33.0,NW,ENE,11.0,9.0,59.0,18.0,1016.6,1011.1,26.8,36.0,0,0
Katherine,17.8,36.5,0.0,E,30.0,NNW,ENE,11.0,15.0,45.0,18.0,1014.9,1010.5,28.0,36.0,0,0
Katherine,18.7,38.0,0.0,NNE,39.0,NW,ENE,15.0,17.0,73.0,18.0,1015.0,1010.7,26.0,36.7,0,0
Katherine,18.3,37.1,0.0,ESE,39.0,N,SE,7.0,20.0,50.0,22.0,1016.4,1010.8,27.5,36.4,0,0
Katherine,20.7,36.8,0.0,SE,54.0,SSE,SE,9.0,20.0,52.0,14.0,1016.7,1010.7,28.0,36.0,0,0
Katherine,15.2,36.1,0.0,ENE,43.0,S,ESE,7.0,17.0,36.0,9.0,1015.1,1009.4,26.1,35.0,0,0
Katherine,17.0,36.4,0.0,SE,35.0,NNE,SSE,6.0,11.0,33.0,14.0,1014.2,1009.5,26.8,35.5,0,0
Katherine,19.1,36.8,0.0,ENE,37.0,WNW,E,7.0,13.0,60.0,26.0,1014.4,1009.6,26.7,35.5,0,0
Katherine,17.8,36.6,0.0,E,43.0,WNW,E,9.0,19.0,55.0,18.0,1015.5,1010.4,27.0,36.0,0,0
Katherine,17.3,37.0,0.0,E,48.0,W,ESE,7.0,19.0,62.0,13.0,1017.3,1011.7,26.6,36.2,0,0
Katherine,16.8,38.0,0.0,ENE,54.0,SSW,ESE,6.0,24.0,55.0,11.0,1016.6,1010.4,27.5,37.5,0,0
Katherine,16.7,39.0,0.0,E,46.0,N,E,7.0,22.0,44.0,10.0,1015.6,1009.9,27.3,38.0,0,0
Katherine,16.1,39.1,0.0,SE,46.0,NW,ESE,11.0,22.0,47.0,11.0,1015.3,1009.8,26.7,38.3,0,0
Katherine,19.5,36.2,0.0,NNE,43.0,ESE,ESE,11.0,13.0,47.0,37.0,1016.4,1010.3,26.8,35.0,0,0
Katherine,18.0,37.2,0.0,NW,37.0,WNW,WNW,17.0,15.0,55.0,24.0,1013.9,1010.0,28.0,35.9,0,0
Katherine,23.5,37.7,0.0,NW,35.0,WNW,NE,22.0,7.0,54.0,26.0,1014.4,1009.9,28.3,36.5,0,0
Katherine,23.9,37.5,0.0,NE,39.0,NNW,E,7.0,20.0,48.0,23.0,1015.1,1010.2,29.8,36.7,0,0
Katherine,20.1,37.5,0.0,E,48.0,E,ENE,9.0,20.0,50.0,75.0,1015.5,1010.6,29.0,37.0,0,0
Katherine,20.7,37.5,0.0,ESE,41.0,ESE,ENE,9.0,19.0,38.0,64.0,1015.9,1011.1,29.0,37.0,0,0
Katherine,19.4,37.6,0.0,ENE,30.0,N,SE,9.0,9.0,46.0,15.0,1015.2,1009.3,29.0,37.0,0,0
Katherine,20.5,37.5,0.0,N,35.0,NW,ENE,17.0,22.0,48.0,16.0,1013.7,1008.8,28.8,36.3,0,0
Katherine,22.2,37.5,0.0,ENE,33.0,N,E,13.0,13.0,55.0,23.0,1014.7,1009.3,29.4,35.5,0,0
Katherine,22.3,38.2,0.0,SE,44.0,ENE,ESE,9.0,24.0,54.0,19.0,1014.7,1008.8,28.6,37.5,0,0
Katherine,20.4,38.1,0.0,ESE,50.0,NW,ESE,9.0,31.0,70.0,15.0,1014.1,1008.6,28.5,37.9,0,0
Katherine,19.3,38.0,0.0,ENE,46.0,SSW,ESE,4.0,24.0,59.0,13.0,1013.6,1007.5,28.3,37.2,0,0
Katherine,20.1,38.3,0.0,ESE,44.0,W,E,9.0,20.0,57.0,87.0,1013.9,1007.9,28.8,38.0,0,0
Katherine,22.0,38.6,0.0,W,43.0,NW,ENE,11.0,9.0,57.0,17.0,1014.0,1008.2,29.2,37.9,0,0
Katherine,24.0,38.7,0.0,NNW,26.0,N,NE,4.0,9.0,56.0,26.0,1013.9,1008.0,29.9,38.0,0,0
Katherine,25.8,38.8,0.0,WNW,31.0,NW,SSW,13.0,6.0,66.0,30.0,1012.6,1007.4,29.7,38.0,0,0
Katherine,24.1,39.7,0.0,SE,37.0,N,SE,9.0,17.0,55.0,23.0,1012.9,1007.9,29.3,38.3,0,0
Katherine,22.8,40.4,0.0,E,44.0,WNW,ESE,7.0,22.0,49.0,24.0,1012.7,1007.4,31.6,39.5,0,0
Katherine,23.9,40.4,0.0,ENE,33.0,NW,ENE,9.0,11.0,52.0,17.0,1012.3,1007.0,31.4,39.5,0,0
Katherine,26.5,39.9,0.0,NW,33.0,NNW,NW,15.0,7.0,42.0,25.0,1013.0,1007.7,31.0,39.0,0,0
Katherine,26.1,40.0,0.0,NNW,43.0,NW,E,11.0,9.0,56.0,24.0,1012.3,1007.7,30.3,39.0,0,0
Katherine,25.3,38.9,0.0,ESE,46.0,NW,WSW,17.0,9.0,64.0,32.0,1014.3,1008.9,29.7,38.0,0,0
Katherine,26.9,38.7,0.0,SE,50.0,NW,S,15.0,9.0,57.0,30.0,1013.8,1009.0,31.0,38.0,0,1
Katherine,23.9,37.6,2.0,E,35.0,ESE,ESE,13.0,13.0,40.0,19.0,1015.2,1010.0,29.3,37.0,1,0
Katherine,21.4,37.4,0.0,ESE,46.0,ESE,SSE,22.0,9.0,38.0,11.0,1015.9,1010.2,28.4,37.2,0,0
Katherine,16.8,38.0,0.0,ENE,33.0,ESE,SE,13.0,9.0,27.0,87.0,1015.6,1010.1,28.0,37.0,0,0
Katherine,15.9,38.7,0.0,E,37.0,NW,SSE,6.0,9.0,42.0,10.0,1014.8,1009.0,28.6,38.0,0,0
Katherine,20.9,39.0,0.0,E,43.0,NNW,SSE,7.0,24.0,57.0,12.0,1014.3,1009.0,30.2,38.5,0,0
Katherine,22.2,39.0,0.0,ESE,43.0,ENE,ESE,11.0,20.0,33.0,15.0,1015.5,1009.5,30.7,38.0,0,0
Katherine,23.6,37.9,0.0,E,46.0,NNW,SSE,7.0,15.0,55.0,20.0,1016.2,1010.5,29.8,37.5,0,0
Katherine,23.8,38.5,0.0,ESE,39.0,NNE,ESE,11.0,15.0,59.0,17.0,1015.8,1009.6,29.3,37.6,0,0
Katherine,22.4,38.6,0.0,ENE,41.0,N,E,6.0,24.0,53.0,16.0,1014.9,1009.1,30.1,37.8,0,0
Katherine,23.0,38.6,0.0,ESE,48.0,WNW,SE,6.0,22.0,50.0,16.0,1014.8,1008.9,30.3,37.8,0,0
Katherine,22.6,38.3,0.0,ESE,43.0,W,E,6.0,20.0,43.0,14.0,1015.7,1010.1,30.1,37.2,0,0
Katherine,21.8,39.0,0.0,ESE,44.0,NW,ENE,11.0,22.0,43.0,48.0,1014.7,1008.8,30.6,36.0,0,0
Katherine,23.5,40.5,0.0,E,48.0,W,E,9.0,26.0,62.0,12.0,1012.3,1006.8,30.0,40.0,0,0
Katherine,24.2,41.4,0.0,E,41.0,WNW,ENE,19.0,11.0,50.0,19.0,1011.4,1005.6,30.8,40.8,0,0
Katherine,25.7,40.5,0.0,NNE,30.0,WNW,NNE,13.0,19.0,48.0,16.0,1011.2,1005.7,31.2,40.0,0,0
Katherine,24.6,40.9,0.0,NNE,33.0,W,N,9.0,9.0,49.0,22.0,1011.8,1005.6,32.0,40.5,0,0
Katherine,25.6,39.5,0.0,SSW,31.0,WNW,ENE,11.0,9.0,48.0,94.0,1013.3,1008.0,31.4,38.0,0,0
Katherine,27.4,41.0,0.0,ESE,33.0,N,ESE,7.0,20.0,59.0,19.0,1013.6,1007.8,31.4,41.0,0,0
Katherine,28.0,40.4,0.0,S,81.0,WNW,NE,11.0,17.0,60.0,26.0,1012.8,1007.1,31.8,40.0,0,1
Katherine,20.9,35.8,20.0,S,61.0,SSE,WNW,4.0,2.0,78.0,38.0,1011.6,1007.4,25.1,35.1,1,0
Katherine,25.7,40.0,0.0,ENE,43.0,W,SE,9.0,9.0,56.0,70.0,1013.9,1008.4,31.6,39.0,0,0
Katherine,25.6,39.2,0.0,E,33.0,WNW,W,9.0,2.0,63.0,31.0,1013.2,1008.1,30.7,36.9,0,0
Katherine,27.7,37.4,0.0,ESE,48.0,NW,NE,6.0,11.0,59.0,39.0,1010.8,1005.6,31.3,36.0,0,1
Katherine,26.7,39.1,0.0,E,35.0,NW,NW,13.0,7.0,61.0,49.0,1010.9,1006.0,30.6,38.0,0,0
Katherine,26.9,38.4,0.0,N,30.0,N,NNE,13.0,11.0,57.0,28.0,1012.2,1007.5,30.2,38.0,0,0
Katherine,26.5,32.0,0.0,NNE,35.0,NW,N,13.0,11.0,65.0,71.0,1013.1,1008.5,29.4,29.0,0,1
Katherine,24.3,38.5,3.0,WNW,30.0,WNW,SSW,9.0,11.0,68.0,32.0,1012.5,1006.3,29.8,36.0,1,0
Katherine,25.2,39.5,0.0,E,35.0,NW,E,7.0,13.0,65.0,27.0,1011.5,1006.1,30.6,39.0,0,0
Katherine,25.1,39.8,0.0,E,37.0,W,ENE,6.0,11.0,63.0,31.0,1012.3,1007.3,30.9,39.0,0,0
Katherine,25.3,40.4,0.0,WNW,39.0,NW,ENE,13.0,15.0,51.0,29.0,1012.7,1007.9,32.3,40.2,0,0
Katherine,27.5,41.4,0.0,NNW,33.0,NW,WNW,15.0,13.0,60.0,66.0,1011.3,1006.1,32.3,41.0,0,0
Katherine,26.6,39.4,0.0,NW,43.0,W,NNE,13.0,9.0,58.0,75.0,1012.3,1007.1,32.0,38.0,0,0
Katherine,27.5,41.3,0.0,NW,39.0,NW,NW,9.0,11.0,60.0,69.0,1011.3,1006.2,32.4,40.0,0,0
Katherine,28.4,39.1,0.0,E,57.0,WNW,S,6.0,7.0,61.0,47.0,1010.4,1005.7,32.0,32.5,0,0
Katherine,24.5,34.2,3.4,NE,33.0,NW,W,7.0,7.0,80.0,58.0,1010.3,1006.3,27.6,32.5,1,1
Katherine,23.6,34.6,18.0,NE,39.0,NW,WNW,9.0,7.0,94.0,73.0,1010.1,1006.3,24.4,33.0,1,0
Katherine,25.3,36.9,0.0,N,35.0,WNW,NNE,11.0,2.0,66.0,44.0,1008.6,1002.5,30.2,37.0,0,1
Katherine,24.6,34.0,17.2,NW,43.0,WNW,W,13.0,19.0,77.0,75.0,1009.7,1006.2,29.3,28.5,1,0
Katherine,25.1,35.9,0.0,WNW,26.0,NW,WNW,11.0,13.0,76.0,49.0,1010.6,1006.8,29.5,35.9,0,0
Katherine,26.5,38.1,0.0,WNW,35.0,WNW,WNW,19.0,15.0,74.0,46.0,1010.1,1004.9,30.4,36.1,0,0
Katherine,27.5,37.4,0.0,SSW,46.0,ESE,NNW,6.0,17.0,76.0,49.0,1010.2,1005.5,29.9,36.1,0,0
Katherine,27.7,39.9,0.0,NW,28.0,WNW,NW,15.0,9.0,70.0,39.0,1009.2,1004.1,31.5,39.5,0,0
Katherine,27.5,40.0,0.0,NW,31.0,NW,W,20.0,11.0,69.0,38.0,1008.6,1003.6,31.7,38.8,0,0
Katherine,25.0,39.2,9.2,SSE,26.0,NW,W,7.0,9.0,77.0,43.0,1009.4,1005.6,29.8,37.5,1,0
Katherine,27.5,38.4,0.0,S,39.0,W,S,13.0,17.0,63.0,73.0,1010.6,1006.6,31.7,30.0,0,1
Katherine,24.9,38.0,5.0,SSE,33.0,WSW,NW,2.0,7.0,76.0,48.0,1010.5,1005.1,29.0,36.0,1,1
Katherine,23.0,36.0,34.2,E,59.0,NW,WNW,7.0,13.0,85.0,42.0,1009.8,1004.7,26.5,35.0,1,1
Katherine,24.0,35.5,8.6,E,43.0,ENE,NW,13.0,15.0,74.0,79.0,1009.1,1004.9,29.0,27.5,1,1
Katherine,23.2,36.5,61.2,S,31.0,NNE,NNW,7.0,11.0,76.0,43.0,1009.6,1005.3,28.0,35.2,1,1
Katherine,24.8,35.6,4.6,WNW,30.0,N,SW,7.0,6.0,69.0,49.0,1009.6,1004.8,28.7,35.0,1,0
Katherine,25.6,33.9,0.6,WNW,50.0,ENE,W,11.0,11.0,76.0,62.0,1008.6,1003.6,29.4,32.4,0,1
Katherine,23.5,34.6,9.8,WSW,44.0,NE,NW,7.0,17.0,77.0,57.0,1006.0,1002.7,29.1,34.0,1,0
Katherine,24.9,33.7,14.0,NE,35.0,S,SSW,4.0,11.0,91.0,64.0,1008.7,1004.6,26.8,33.0,1,0
Katherine,25.0,34.7,0.6,E,26.0,NE,NNE,13.0,6.0,82.0,48.0,1009.2,1004.6,26.5,32.7,0,1
Katherine,22.2,33.5,46.6,ENE,48.0,E,ENE,11.0,11.0,86.0,92.0,1009.3,1004.5,26.6,33.0,1,1
Katherine,23.2,34.6,53.4,NE,56.0,ENE,ESE,6.0,9.0,94.0,95.0,1008.8,1003.8,26.3,32.7,1,1
Katherine,23.5,31.2,15.2,N,28.0,N,NNE,7.0,9.0,94.0,70.0,1008.0,1004.4,26.5,30.6,1,1
Katherine,23.9,32.4,4.4,NW,35.0,N,WNW,11.0,13.0,85.0,91.0,1008.0,1003.8,27.3,25.0,1,1
Katherine,24.4,31.4,19.8,NNW,54.0,NNW,NNW,11.0,9.0,84.0,70.0,1006.1,1003.0,26.9,30.5,1,0
Katherine,24.9,30.9,1.0,WNW,52.0,NNW,WSW,19.0,9.0,74.0,83.0,1005.8,1002.8,28.3,29.0,0,1
Katherine,23.2,33.8,6.8,NW,37.0,NNW,NNW,15.0,20.0,77.0,73.0,1005.4,1001.8,28.5,33.7,1,0
Katherine,25.0,33.4,0.0,NW,63.0,N,NW,19.0,26.0,75.0,54.0,1004.3,1001.2,29.4,33.0,0,1
Katherine,25.2,30.9,1.2,W,43.0,NNW,W,13.0,20.0,79.0,84.0,1005.1,1001.0,28.4,27.8,1,1
Katherine,25.3,33.3,6.0,NW,96.0,NW,NNW,22.0,28.0,79.0,72.0,1003.1,1000.1,28.1,30.8,1,1
Katherine,23.5,32.7,8.0,NW,56.0,NW,NW,31.0,30.0,75.0,63.0,1002.4,1000.4,29.3,31.2,1,0
Katherine,25.5,34.8,0.0,WNW,31.0,NW,W,17.0,9.0,86.0,75.0,1006.1,1002.4,28.5,31.0,0,1
Katherine,25.7,36.1,4.8,WSW,33.0,WNW,W,20.0,13.0,79.0,52.0,1006.8,1002.4,29.3,35.5,1,0
Katherine,25.6,35.7,0.0,WSW,85.0,W,NE,17.0,15.0,73.0,76.0,1006.4,1003.5,30.9,35.6,0,1
Katherine,24.2,28.2,39.4,W,24.0,WSW,NW,11.0,6.0,96.0,91.0,1005.9,1002.9,25.6,26.2,1,1
Katherine,24.2,30.5,20.8,NW,39.0,SSW,WSW,11.0,17.0,91.0,73.0,1006.0,1003.3,25.2,29.9,1,1
Katherine,24.4,33.2,9.2,NNW,30.0,NNW,NW,15.0,17.0,83.0,67.0,1008.0,1005.6,26.9,31.5,1,0
Katherine,24.6,34.7,0.0,NNE,33.0,N,NNW,13.0,11.0,76.0,49.0,1010.8,1008.0,29.0,34.0,0,0
Katherine,25.1,35.1,0.0,WNW,28.0,WNW,WNW,11.0,19.0,76.0,46.0,1011.5,1008.2,29.3,35.0,0,0
Katherine,25.1,33.8,0.0,NW,22.0,SSW,WSW,9.0,15.0,74.0,55.0,1012.8,1009.3,28.6,33.2,0,0
Katherine,25.2,35.2,0.0,WSW,33.0,W,W,17.0,13.0,78.0,54.0,1010.8,1006.2,28.3,34.5,0,1
Katherine,26.8,36.5,2.6,NW,56.0,NW,W,20.0,20.0,72.0,53.0,1006.0,1001.3,31.0,36.0,1,1
Katherine,23.0,36.3,14.2,SSW,50.0,NW,WNW,15.0,7.0,81.0,49.0,1006.1,1002.1,28.5,35.5,1,0
Katherine,23.7,35.5,0.0,SE,48.0,NW,NW,19.0,13.0,80.0,53.0,1006.6,1003.9,29.2,34.6,0,0
Katherine,26.0,35.6,0.0,N,44.0,NW,W,20.0,15.0,78.0,37.0,1008.9,1005.5,28.7,34.4,0,0
Katherine,23.6,35.5,0.6,WNW,26.0,SSW,W,4.0,9.0,80.0,52.0,1010.2,1004.5,27.1,34.0,0,1
Katherine,22.4,34.0,11.2,S,39.0,N,WNW,4.0,7.0,91.0,63.0,1007.6,1003.0,24.5,32.6,1,0
Katherine,22.5,34.7,0.6,SE,24.0,ESE,SE,4.0,7.0,79.0,43.0,1005.7,1002.5,26.4,34.6,0,0
Katherine,23.2,36.0,0.0,NNW,28.0,WNW,SE,13.0,11.0,81.0,54.0,1007.5,1004.0,27.0,34.6,0,0
Katherine,25.1,36.6,0.0,NW,48.0,WNW,W,13.0,7.0,64.0,49.0,1007.7,1004.0,29.1,33.3,0,1
Katherine,23.7,35.7,2.4,W,30.0,WNW,W,17.0,13.0,78.0,49.0,1008.5,1005.5,27.8,34.3,1,0
Katherine,24.1,37.2,0.0,SSE,39.0,WNW,WNW,15.0,7.0,76.0,49.0,1008.5,1004.8,29.0,35.3,0,0
Katherine,23.7,38.3,0.0,SSE,24.0,SW,S,9.0,9.0,69.0,38.0,1008.5,1005.4,29.3,37.3,0,0
Katherine,22.9,37.5,0.0,E,31.0,N,E,9.0,15.0,78.0,32.0,1009.6,1006.2,29.9,36.7,0,0
Katherine,19.2,36.0,0.0,S,33.0,SSE,SSW,6.0,19.0,50.0,23.0,1010.4,1006.6,28.3,35.5,0,0
Katherine,16.5,37.7,0.0,ENE,30.0,W,SE,4.0,11.0,61.0,18.0,1009.3,1006.2,26.0,37.6,0,0
Katherine,21.8,38.0,0.0,E,35.0,NW,W,11.0,9.0,54.0,37.0,1011.0,1007.5,30.0,37.0,0,0
Katherine,23.1,37.5,0.0,E,35.0,NNE,ESE,11.0,19.0,69.0,38.0,1012.4,1008.8,30.5,35.7,0,0
Katherine,26.8,36.9,0.0,S,39.0,WNW,SSE,11.0,13.0,70.0,74.0,1012.4,1008.4,30.3,29.6,0,0
Katherine,24.9,36.2,0.0,ENE,46.0,SSE,ENE,9.0,35.0,72.0,80.0,1011.5,1007.6,29.0,32.0,0,0
Katherine,24.2,36.1,0.0,SE,41.0,E,NE,15.0,17.0,74.0,51.0,1010.6,1006.9,28.9,35.1,0,1
Katherine,24.3,37.1,5.0,ESE,41.0,SE,ESE,9.0,17.0,76.0,50.0,1009.8,1006.1,28.5,36.2,1,0
Katherine,22.7,38.2,0.0,SSE,35.0,WNW,E,7.0,20.0,72.0,34.0,1009.8,1005.8,29.1,37.2,0,0
Katherine,23.9,35.6,0.0,WSW,44.0,NW,SW,7.0,20.0,76.0,63.0,1009.1,1005.6,30.2,28.1,0,0
Katherine,23.0,37.9,0.0,ESE,39.0,NW,SE,9.0,19.0,65.0,37.0,1009.5,1005.0,29.0,37.2,0,0
Katherine,24.8,37.0,0.0,ESE,50.0,W,SSW,11.0,7.0,70.0,42.0,1009.5,1005.4,28.4,36.5,0,1
Katherine,24.2,37.1,2.2,W,28.0,NW,SSW,9.0,11.0,78.0,49.0,1009.2,1005.4,28.0,35.5,1,0
Katherine,25.5,38.5,0.0,SE,43.0,WNW,ESE,13.0,22.0,82.0,34.0,1007.3,1003.4,28.0,37.5,0,0
Katherine,25.4,37.6,0.8,E,41.0,N,SSW,7.0,11.0,83.0,49.0,1007.0,1002.8,29.5,36.0,0,0
Katherine,24.6,38.7,0.0,SE,41.0,W,SE,7.0,20.0,70.0,36.0,1006.4,1001.6,29.2,37.6,0,0
Katherine,26.7,30.6,0.2,SW,59.0,WSW,SSW,11.0,13.0,87.0,86.0,1004.0,1000.1,27.2,24.8,0,1
Katherine,23.2,32.6,11.0,NW,46.0,NNW,NW,15.0,17.0,74.0,60.0,1009.2,1007.4,28.3,31.5,1,0
Katherine,23.3,35.0,1.0,NNW,31.0,WNW,NNW,6.0,9.0,78.0,50.0,1011.7,1007.8,27.9,34.0,0,0
Katherine,25.0,34.0,0.0,S,31.0,WNW,WSW,9.0,13.0,87.0,57.0,1011.3,1007.2,27.3,33.5,0,1
Katherine,25.0,34.2,1.4,S,30.0,SW,WSW,7.0,13.0,81.0,80.0,1010.3,1005.4,28.7,29.5,1,1
Katherine,23.7,34.0,12.4,NW,20.0,WNW,NNW,7.0,13.0,86.0,61.0,1008.6,1004.5,26.4,33.4,1,0
Katherine,25.6,36.7,0.0,SE,39.0,W,WSW,11.0,9.0,82.0,55.0,1007.7,1003.0,29.3,35.5,0,1
Katherine,23.5,36.2,28.6,S,43.0,WNW,WSW,7.0,9.0,91.0,52.0,1007.9,1004.1,26.1,34.1,1,0
Katherine,25.2,36.0,1.0,SSE,85.0,NW,S,6.0,20.0,82.0,53.0,1007.2,1003.2,28.5,34.8,0,1
Katherine,24.9,35.0,3.2,SE,43.0,S,S,4.0,17.0,87.0,44.0,1007.1,1002.4,27.4,34.8,1,1
Katherine,24.8,35.0,13.8,ENE,35.0,ENE,E,19.0,20.0,86.0,53.0,1007.6,1004.5,27.5,34.0,1,0
Katherine,25.7,35.6,0.0,ESE,28.0,NNE,ESE,9.0,11.0,76.0,47.0,1008.6,1006.0,28.9,35.5,0,0
Katherine,24.7,36.5,0.0,ESE,35.0,W,SE,4.0,20.0,82.0,33.0,1009.5,1005.6,27.8,36.2,0,0
Katherine,24.4,36.6,0.0,NNW,28.0,NW,S,9.0,7.0,79.0,47.0,1007.6,1003.9,29.1,35.2,0,0
Katherine,23.3,36.4,0.4,SSE,35.0,WNW,WSW,2.0,6.0,81.0,42.0,1007.8,1004.9,27.4,35.2,0,0
Katherine,23.1,36.0,0.0,S,26.0,WSW,SSW,11.0,11.0,74.0,34.0,1010.0,1006.9,28.4,35.4,0,0
Katherine,20.2,37.1,0.0,WSW,22.0,WNW,SE,7.0,11.0,79.0,50.0,1009.8,1005.8,28.0,36.2,0,0
Katherine,23.0,37.6,0.0,SSW,20.0,WNW,ESE,9.0,9.0,71.0,35.0,1009.3,1005.7,28.8,36.7,0,0
Katherine,22.7,37.5,0.0,SSE,30.0,WNW,S,9.0,15.0,74.0,34.0,1009.9,1006.2,28.9,37.0,0,0
Katherine,22.1,37.6,0.0,S,30.0,W,S,9.0,15.0,81.0,43.0,1010.0,1005.6,28.7,37.5,0,0
Katherine,20.8,38.4,0.0,S,30.0,W,S,13.0,11.0,76.0,29.0,1008.4,1004.1,28.0,38.0,0,0
Katherine,22.8,39.5,0.0,SSE,22.0,W,E,11.0,7.0,60.0,47.0,1008.8,1004.9,30.0,38.6,0,0
Katherine,26.0,38.8,0.0,E,56.0,NW,NE,17.0,9.0,71.0,48.0,1011.1,1006.9,31.2,37.4,0,0
Katherine,23.8,38.6,0.0,SE,24.0,WNW,SSE,13.0,7.0,73.0,42.0,1010.8,1006.7,30.3,37.8,0,0
Katherine,24.4,39.3,0.0,NW,35.0,NW,NNW,15.0,11.0,74.0,39.0,1009.9,1005.8,29.1,38.0,0,0
Katherine,23.8,38.2,0.0,NE,28.0,NW,ENE,11.0,17.0,69.0,35.0,1012.0,1008.5,29.5,37.0,0,0
Katherine,23.2,38.6,0.0,SE,28.0,W,SE,11.0,19.0,76.0,35.0,1013.4,1008.7,30.1,37.5,0,0
Katherine,24.3,39.3,0.0,ESE,28.0,WSW,SSE,9.0,11.0,68.0,39.0,1011.2,1007.0,30.8,38.5,0,0
Katherine,24.7,37.1,0.0,E,33.0,W,E,4.0,15.0,69.0,41.0,1011.0,1007.0,29.3,36.7,0,0
Katherine,22.8,35.3,0.0,E,43.0,SSE,E,7.0,20.0,71.0,44.0,1009.7,1006.4,27.4,34.5,0,0
Katherine,24.6,30.2,0.0,ESE,52.0,ESE,E,13.0,20.0,86.0,82.0,1010.2,1008.0,26.2,28.0,0,1
Katherine,22.3,27.3,13.6,SE,37.0,ESE,E,19.0,15.0,93.0,56.0,1010.5,1008.0,24.3,25.8,1,1
Katherine,23.5,32.8,43.4,ENE,44.0,E,E,17.0,22.0,87.0,65.0,1014.5,1010.0,26.3,32.2,1,1
Katherine,23.4,31.3,58.6,SE,30.0,SE,SSE,11.0,19.0,90.0,81.0,1016.0,1011.7,25.4,29.8,1,0
Katherine,22.5,35.4,0.0,ENE,31.0,ESE,ESE,6.0,15.0,77.0,31.0,1013.2,1010.2,26.6,35.1,0,0
Katherine,22.8,34.6,0.0,SE,35.0,S,E,2.0,19.0,77.0,43.0,1013.8,1010.5,28.1,34.5,0,0
Katherine,22.0,35.1,0.0,E,44.0,ENE,ESE,11.0,26.0,77.0,45.0,1014.1,1010.7,27.7,34.3,0,0
Katherine,21.9,35.5,0.0,E,31.0,ENE,ESE,11.0,17.0,73.0,65.0,1014.0,1009.6,28.0,35.1,0,0
Katherine,24.2,36.0,0.0,SE,26.0,NE,SSW,4.0,6.0,76.0,73.0,1010.6,1006.5,28.8,34.0,0,0
Katherine,24.2,36.3,0.0,ESE,31.0,N,E,9.0,11.0,69.0,38.0,1010.5,1007.2,30.0,35.9,0,0
Katherine,24.1,36.6,0.0,ESE,26.0,WNW,E,9.0,17.0,72.0,40.0,1010.7,1006.8,29.6,36.3,0,0
Katherine,25.0,36.8,0.0,W,26.0,NW,NNW,15.0,7.0,76.0,43.0,1010.6,1006.6,28.9,35.6,0,0
Katherine,24.8,36.7,0.0,SW,31.0,NW,SW,11.0,13.0,75.0,48.0,1009.6,1006.1,29.2,36.0,0,0
Katherine,24.8,35.7,0.0,NNE,31.0,WSW,SE,7.0,17.0,77.0,40.0,1011.1,1007.3,27.7,35.5,0,0
Katherine,23.8,32.9,0.0,ESE,39.0,ESE,ESE,22.0,20.0,38.0,47.0,1013.7,1010.8,27.2,33.0,0,0
Katherine,18.5,33.6,0.0,E,31.0,SE,ESE,13.0,19.0,70.0,30.0,1013.9,1009.8,25.7,33.0,0,0
Katherine,17.1,35.0,0.0,ESE,28.0,SE,SSE,13.0,13.0,49.0,25.0,1013.5,1009.3,24.7,34.7,0,0
Katherine,17.7,36.0,0.0,N,31.0,SSE,SE,17.0,13.0,49.0,50.0,1012.5,1008.9,26.1,35.4,0,0
Katherine,18.4,36.7,0.0,SSE,20.0,NNW,NE,9.0,6.0,61.0,27.0,1013.0,1009.1,27.0,36.2,0,0
Katherine,19.5,36.2,0.0,NW,24.0,NNW,SSW,11.0,6.0,72.0,49.0,1012.8,1008.5,27.5,35.5,0,0
Katherine,21.8,36.8,0.0,E,28.0,N,ENE,9.0,13.0,72.0,40.0,1013.4,1009.2,29.1,35.5,0,0
Katherine,23.5,35.8,0.0,E,35.0,ESE,E,6.0,17.0,74.0,44.0,1015.2,1011.4,28.9,35.6,0,0
Katherine,21.7,35.5,0.0,E,35.0,ESE,ENE,6.0,17.0,71.0,56.0,1015.7,1011.0,28.2,34.0,0,0
Katherine,22.7,35.8,0.0,E,39.0,ENE,SE,9.0,15.0,66.0,62.0,1013.6,1008.9,28.8,34.5,0,0
Katherine,21.9,35.5,0.0,ENE,33.0,E,ESE,7.0,20.0,69.0,37.0,1013.4,1009.1,29.3,35.0,0,0
Katherine,20.9,35.1,0.0,ESE,37.0,SSE,E,20.0,17.0,62.0,35.0,1014.4,1010.0,28.1,34.7,0,0
Katherine,22.6,32.5,0.0,SE,44.0,SE,ESE,31.0,20.0,45.0,64.0,1015.1,1010.7,25.1,32.5,0,0
Katherine,21.7,31.7,0.0,SE,43.0,SE,E,26.0,22.0,44.0,29.0,1015.0,1010.8,24.0,31.2,0,0
Katherine,19.4,32.7,0.0,SE,33.0,SE,ESE,22.0,15.0,26.0,24.0,1014.2,1010.1,23.5,31.8,0,0
Katherine,20.3,34.2,0.0,ESE,39.0,ESE,SE,24.0,19.0,31.0,77.0,1011.7,1008.3,25.7,34.0,0,0
Katherine,17.0,34.4,0.0,ESE,31.0,SE,ESE,13.0,15.0,48.0,58.0,1012.3,1008.4,24.5,33.6,0,0
Katherine,15.3,34.9,0.0,E,43.0,SE,SE,11.0,20.0,44.0,62.0,1012.2,1009.3,24.6,34.0,0,0
Katherine,15.2,31.2,0.0,SE,39.0,SE,ESE,24.0,19.0,29.0,27.0,1015.5,1011.9,23.7,30.5,0,0
Katherine,14.6,32.0,0.0,ESE,41.0,ESE,ESE,17.0,20.0,31.0,41.0,1015.7,1011.7,22.3,32.0,0,0
Katherine,13.5,32.1,0.0,ESE,39.0,SE,E,20.0,22.0,30.0,23.0,1017.2,1012.4,23.1,31.0,0,0
Katherine,10.7,34.0,0.0,S,22.0,SE,ESE,9.0,11.0,54.0,16.0,1014.8,1010.9,22.2,33.5,0,0
Katherine,11.6,34.5,0.0,ENE,28.0,ESE,ESE,4.0,17.0,84.0,93.0,1013.9,1010.0,19.7,34.0,0,0
Katherine,17.3,32.0,0.0,E,37.0,SE,E,20.0,17.0,31.0,40.0,1016.4,1011.9,22.7,31.5,0,0
Katherine,12.2,32.5,0.0,ESE,33.0,SE,E,13.0,15.0,32.0,30.0,1015.2,1011.5,21.8,32.0,0,0
Katherine,14.0,32.5,0.0,ESE,43.0,SE,E,11.0,15.0,47.0,29.0,1015.9,1012.5,23.3,31.8,0,0
Katherine,12.1,33.2,0.0,ESE,37.0,SE,ENE,13.0,13.0,35.0,21.0,1017.0,1013.1,22.0,33.0,0,0
Katherine,12.0,33.5,0.0,E,30.0,SE,SE,13.0,11.0,44.0,19.0,1016.9,1013.0,21.3,33.0,0,0
Katherine,10.7,32.8,0.0,ESE,50.0,SE,SSE,17.0,26.0,41.0,18.0,1017.2,1013.7,21.4,32.5,0,0
Katherine,13.0,28.7,0.0,ESE,43.0,SE,SE,22.0,20.0,39.0,26.0,1019.4,1015.8,21.0,28.5,0,0
Katherine,11.9,26.6,0.0,E,39.0,SE,SSE,19.0,22.0,23.0,16.0,1020.3,1015.8,17.2,26.0,0,0
Katherine,9.2,29.3,0.0,ESE,39.0,SE,SE,17.0,13.0,27.0,19.0,1017.7,1013.4,19.2,28.6,0,0
Katherine,10.9,32.4,0.0,ESE,31.0,ESE,SSE,15.0,15.0,52.0,32.0,1016.3,1012.1,20.8,31.6,0,0
Katherine,18.0,34.1,0.0,E,30.0,E,ESE,13.0,17.0,72.0,35.0,1015.9,1012.1,24.8,33.5,0,0
Katherine,19.8,35.4,0.0,ENE,24.0,NNW,NE,7.0,11.0,65.0,35.0,1015.6,1011.1,26.7,34.6,0,0
Katherine,19.4,34.8,0.0,ENE,26.0,NW,E,9.0,6.0,67.0,42.0,1016.1,1012.4,28.1,33.0,0,0
Katherine,18.7,35.8,0.0,ESE,37.0,N,ESE,9.0,17.0,68.0,27.0,1016.6,1012.9,26.8,35.5,0,0
Katherine,20.2,32.6,0.0,E,37.0,ESE,E,17.0,19.0,45.0,57.0,1017.8,1014.3,25.4,32.0,0,0
Katherine,12.2,31.3,0.0,ESE,30.0,SE,SE,13.0,11.0,29.0,17.0,1017.5,1013.4,21.0,30.4,0,0
Katherine,10.8,32.7,0.0,E,30.0,SE,ESE,13.0,13.0,47.0,38.0,1017.9,1014.2,21.2,32.0,0,0
Katherine,17.0,34.5,0.0,E,35.0,ESE,ENE,9.0,19.0,46.0,30.0,1017.6,1013.0,25.4,34.5,0,0
Katherine,17.4,34.0,0.0,ESE,41.0,ESE,E,9.0,20.0,65.0,31.0,1015.9,1011.3,25.7,33.0,0,0
Katherine,17.0,33.5,0.0,SE,35.0,ESE,ESE,13.0,17.0,57.0,30.0,1015.6,1011.9,24.5,33.0,0,0
Katherine,15.6,34.6,0.0,ENE,43.0,S,E,2.0,20.0,68.0,36.0,1015.5,1011.7,24.0,34.0,0,0
Katherine,22.0,30.3,8.2,E,24.0,ENE,E,11.0,13.0,79.0,59.0,1014.7,1011.6,24.6,28.6,1,0
Katherine,22.7,32.5,0.0,E,50.0,SE,E,20.0,20.0,63.0,72.0,1015.3,1011.2,25.0,32.0,0,0
Katherine,21.1,32.6,0.0,SE,37.0,SE,SE,17.0,20.0,54.0,34.0,1017.2,1012.3,24.1,32.5,0,0
Katherine,19.5,33.0,0.0,E,39.0,ESE,ESE,24.0,22.0,62.0,42.0,1015.8,1013.0,25.0,31.9,0,0
Katherine,12.7,31.0,0.0,ESE,46.0,SE,E,15.0,20.0,43.0,26.0,1017.7,1013.8,21.7,30.0,0,0
Katherine,14.5,30.5,0.0,ESE,46.0,SE,ESE,13.0,19.0,98.0,29.0,1017.7,1013.6,22.0,30.5,0,0
Katherine,12.3,31.0,0.0,SE,39.0,SE,E,11.0,15.0,62.0,26.0,1016.8,1013.2,23.4,30.6,0,0
Katherine,14.2,31.1,0.0,SE,41.0,SE,E,11.0,20.0,73.0,43.0,1015.6,1011.5,22.9,31.0,0,0
Katherine,14.6,31.1,0.0,ENE,39.0,ESE,E,9.0,24.0,84.0,32.0,1016.2,1011.7,21.0,31.0,0,0
Katherine,15.0,31.5,0.0,E,44.0,ESE,E,13.0,22.0,60.0,40.0,1015.7,1011.5,23.3,31.5,0,0
Katherine,20.4,32.0,0.0,ESE,41.0,ESE,E,19.0,17.0,55.0,38.0,1015.3,1012.0,25.6,32.0,0,0
Katherine,16.2,31.6,0.0,ESE,33.0,SE,E,11.0,15.0,67.0,56.0,1015.1,1010.8,22.8,30.0,0,0
Katherine,21.2,30.1,0.0,ENE,37.0,E,NE,15.0,9.0,73.0,54.0,1014.7,1011.0,24.4,28.5,0,0
Katherine,18.9,33.2,0.0,ENE,28.0,ENE,SE,13.0,13.0,74.0,39.0,1015.0,1010.6,24.6,32.8,0,0
Katherine,18.4,33.0,0.0,ESE,26.0,ESE,E,7.0,13.0,76.0,39.0,1015.4,1010.4,23.9,32.5,0,0
Katherine,17.9,33.9,0.0,ENE,30.0,SE,NE,7.0,11.0,64.0,32.0,1014.0,1010.3,26.3,33.0,0,0
Katherine,17.6,33.6,0.0,E,35.0,ESE,ESE,9.0,20.0,71.0,41.0,1014.0,1010.0,24.3,32.0,0,0
Katherine,19.5,32.9,0.0,E,41.0,ESE,SE,17.0,22.0,58.0,30.0,1015.1,1011.1,25.4,33.0,0,0
Katherine,18.1,30.3,0.0,SE,31.0,SE,SE,22.0,15.0,38.0,26.0,1017.4,1013.2,22.0,30.0,0,0
Katherine,9.8,29.7,0.0,SE,37.0,ESE,SE,17.0,17.0,36.0,21.0,1018.0,1013.6,19.2,29.1,0,0
Katherine,11.8,29.8,0.0,E,39.0,SE,SE,17.0,17.0,38.0,20.0,1016.5,1013.1,19.0,29.0,0,0
Katherine,7.4,31.2,0.0,E,28.0,SE,SE,11.0,13.0,44.0,32.0,1017.2,1013.0,17.0,31.0,0,0
Katherine,11.4,32.8,0.0,E,37.0,SE,SSE,11.0,11.0,56.0,33.0,1016.5,1013.1,19.9,32.0,0,0
Katherine,15.3,32.5,0.0,E,39.0,ESE,ESE,15.0,22.0,65.0,29.0,1018.1,1014.0,23.3,32.0,0,0
Katherine,18.2,29.9,0.0,SSE,39.0,SE,ESE,26.0,20.0,32.0,20.0,1020.6,1016.3,21.0,29.0,0,0
Katherine,11.1,28.3,0.0,ESE,41.0,SE,ESE,22.0,17.0,31.0,24.0,1021.6,1016.5,18.3,27.5,0,0
Katherine,11.8,29.0,0.0,E,39.0,ESE,E,17.0,13.0,42.0,25.0,1020.4,1016.3,18.3,28.0,0,0
Katherine,8.6,30.0,0.0,E,33.0,ESE,E,9.0,17.0,47.0,32.0,1020.9,1016.1,18.0,29.4,0,0
Katherine,11.1,31.5,0.0,E,33.0,SE,SE,9.0,13.0,55.0,32.0,1019.3,1014.9,20.1,31.0,0,0
Katherine,11.6,32.0,0.0,ESE,35.0,SE,SE,13.0,20.0,47.0,29.0,1018.7,1014.6,22.7,32.0,0,0
Katherine,15.7,31.0,0.0,E,43.0,ESE,E,15.0,19.0,69.0,61.0,1020.0,1015.5,23.3,29.5,0,0
Katherine,20.6,32.5,0.0,E,46.0,ESE,SE,19.0,24.0,65.0,42.0,1019.2,1014.1,24.5,32.5,0,0
Katherine,14.7,30.0,0.0,SE,39.0,SE,SE,15.0,17.0,66.0,44.0,1018.4,1014.0,21.1,29.5,0,0
Katherine,12.6,30.0,0.0,SE,35.0,ESE,SSE,11.0,11.0,49.0,33.0,1017.0,1012.0,19.8,29.1,0,0
Katherine,11.0,31.1,0.0,E,44.0,E,ESE,11.0,7.0,56.0,26.0,1016.8,1012.9,18.9,30.0,0,0
Katherine,13.7,31.2,0.0,E,35.0,SE,E,13.0,20.0,61.0,41.0,1015.6,1011.7,21.1,29.9,0,0
Katherine,20.7,31.5,0.0,E,41.0,E,E,9.0,19.0,53.0,26.0,1015.9,1011.8,25.6,31.5,0,0
Katherine,13.9,31.2,0.0,SE,46.0,E,E,15.0,22.0,55.0,32.0,1015.5,1011.7,22.5,31.0,0,0
Katherine,14.6,31.3,0.0,ESE,39.0,SE,ESE,13.0,13.0,54.0,36.0,1017.2,1012.9,20.3,30.4,0,0
Katherine,13.2,31.5,0.0,ESE,35.0,SE,ESE,11.0,24.0,64.0,36.0,1018.2,1014.4,21.2,30.6,0,0
Katherine,13.0,32.9,0.0,ESE,37.0,SE,E,15.0,20.0,49.0,28.0,1018.4,1015.3,22.4,32.3,0,0
Katherine,13.8,32.0,0.0,ESE,39.0,ESE,SE,11.0,20.0,55.0,24.0,1019.6,1015.6,21.0,31.5,0,0
Katherine,14.6,26.2,0.0,ESE,44.0,ESE,ESE,30.0,20.0,39.0,24.0,1022.2,1017.2,17.3,25.5,0,0
Katherine,10.6,26.2,0.0,ESE,48.0,SE,ENE,17.0,19.0,43.0,22.0,1019.8,1014.8,15.5,26.0,0,0
Katherine,6.8,27.5,0.0,ESE,33.0,ESE,ESE,11.0,17.0,51.0,18.0,1019.0,1015.1,15.6,27.0,0,0
Katherine,10.5,27.7,0.0,ESE,43.0,ESE,ESE,22.0,15.0,44.0,21.0,1019.1,1014.9,17.8,27.0,0,0
Katherine,7.7,26.7,0.0,ESE,39.0,SE,ESE,19.0,17.0,27.0,16.0,1020.4,1016.1,16.4,25.8,0,0
Katherine,6.8,27.7,0.0,ESE,44.0,SE,ESE,19.0,22.0,27.0,19.0,1019.2,1015.6,17.8,27.1,0,0
Katherine,8.8,28.7,0.0,NE,39.0,ESE,ESE,19.0,20.0,29.0,45.0,1019.2,1015.2,18.3,28.0,0,0
Katherine,10.2,31.3,0.0,E,35.0,SE,ENE,13.0,13.0,35.0,42.0,1019.0,1014.9,19.9,30.0,0,0
Katherine,9.5,33.0,0.0,S,22.0,SE,W,7.0,7.0,56.0,24.0,1018.8,1014.5,18.1,32.0,0,0
Katherine,9.6,34.3,0.0,E,26.0,SE,E,7.0,15.0,45.0,24.0,1018.2,1014.0,19.6,33.5,0,0
Katherine,12.1,34.3,0.0,E,26.0,NNE,NNW,7.0,11.0,48.0,28.0,1017.7,1013.5,21.1,33.5,0,0
Katherine,18.2,35.5,0.0,ESE,41.0,S,E,4.0,22.0,65.0,27.0,1018.4,1014.0,25.2,34.9,0,0
Katherine,22.6,33.6,0.0,SE,46.0,SE,ESE,17.0,26.0,53.0,40.0,1020.1,1015.8,26.2,33.0,0,0
Katherine,17.4,30.7,0.0,SSE,46.0,SE,SE,22.0,19.0,28.0,42.0,1021.2,1016.5,21.3,30.0,0,0
Katherine,13.3,32.0,0.0,E,43.0,SE,ESE,15.0,22.0,73.0,28.0,1019.2,1015.0,22.1,31.0,0,0
Katherine,13.0,32.0,0.0,ENE,43.0,SE,E,7.0,22.0,70.0,32.0,1017.8,1013.0,21.7,31.0,0,0
