index,Humidity3pm,Humidity9am,MaxTemp,MinTemp,Pressure3pm,Pressure9am,RainToday,Rainfall,Temp3pm,Temp9am,WindDir3pm_cos,WindDir3pm_sin,WindDir9am_cos,WindDir9am_sin,WindGustDir_cos,WindGustDir_sin,WindGustSpeed,WindSpeed3pm,WindSpeed9am,true_label,sum_abs
209,0.12609912184329408,0.024660308595835217,-0.03651470816601195,0.02598463674683914,-0.22273895598580187,0.13773796288119,0.019697154590053577,0.01783664373555226,-0.047087086549050305,0.005516662795506188,0.025687196845339745,0.01243647359922303,0.022156560354748906,0.011399859550629039,0.011057860303285367,0.012019747117987449,0.10626829429933957,-0.03168118823535422,-0.01424660353351088,1,0.9108270257285528
1999,0.12661213027949741,0.04017952706300403,-0.03126481531988229,0.02124398204986588,-0.21208101840485408,0.13643240156006675,0.012629378464073011,0.008029134407735741,-0.043790812710843716,0.012542066769837497,0.02333675104278131,0.013410671813087156,0.025416271161553507,-0.004283485028953463,-0.005688680997941078,0.008855706085232362,0.09454050136267686,-0.007837071913902071,-0.031107670052176892,0,0.8592820764879651
2127,0.11358212368009762,0.03694318512282215,-0.0483161191686435,0.02677908683586505,-0.22958281601044012,0.15022560275605545,0.014815196470516979,0.013717595524002063,-0.033131389895059156,0.04905651877199052,0.036976826108997794,0.0031685122661845398,0.01994327181412921,-0.004705642057539561,0.0001869728962838738,-0.001382953926948226,0.0982851759890999,-0.02743320150700163,-0.020876573551592958,1,0.9291087643532703
2416,0.12941756692089224,0.02674393731280695,-0.038887914753805555,0.017956511275471397,-0.2024633860932976,0.13201633176146627,0.02404055638508865,0.02704816472526827,-0.04871576882985387,0.013383677471815097,0.021564555302013996,0.005539869177277105,0.015650226191258717,0.0006526497894069552,-0.0017418555576817019,-0.0035207726686067972,0.07997115313947853,-0.017014585950678056,-0.017394855764231748,0,0.8237243390703994
3646,0.13220045663034818,0.026853912005325383,-0.02353994874088141,0.0353543833712372,-0.22116215939520223,0.1531206668232375,0.038041066249664884,0.020017619973830697,-0.05443337161839896,0.01640617643673421,0.03785886409020494,0.011207599479897079,0.03575397722167784,0.020687657420418896,0.003018051880575385,0.0013747065831623464,0.0864360661742234,-0.008141617646302342,-0.01788921702744823,0,0.9434975187687711
3794,0.13289581722998584,0.016509714807194653,-0.04231432126174491,0.030278000961644902,-0.22825562861405882,0.15140600018624503,0.011438472253282895,0.020975773127074056,-0.055744199589362255,0.024925404912727978,0.0099006501834925,-1.0294640278504498e-05,0.029485001007758888,0.005178911816055648,0.005839353892614644,0.010249658028011064,0.09314150414672531,-0.021100670187522323,-0.011909360305866165,0,0.9015587371516464
4031,0.13387610671779848,0.014948541901264725,-0.03519858111100948,0.012665713252034244,-0.24026149232171612,0.1417442340091973,0.01619803035221538,0.013748755958581087,-0.03416170090809219,0.03368801692163836,0.026235886360539064,-0.003731721569183306,0.0030384299122272465,-0.0020105953420034555,0.00012387530069264414,0.0033422698856298005,0.09232008181010956,-0.026371299644955166,-0.006863177643229713,1,0.8405285109221173
4413,0.14248920704044093,0.021266885646406105,-0.04729684043664948,0.03621070907329926,-0.21169737593567134,0.12670394253976996,0.013512813614672922,0.02943721803633986,-0.021910671304323576,0.01868234369503191,0.019152306096153468,0.012485945332165672,0.015015098691468278,0.01143382014527018,0.0020603997400070015,-0.007215201634960493,0.09891545063633764,-0.01654523715434338,0.002972659441132349,0,0.8550041261944438
4514,0.13864304210774142,0.0393274727187261,-0.033715217727557555,0.03125715904616813,-0.2052353157434435,0.12979709891025465,0.024422164158973348,-0.00244729012066123,-0.0371236667025853,0.014021511933636398,0.026034857615862543,-0.013673501456145671,0.03798923445017721,-0.014235184380215203,0.009499053990678418,0.0012526505795928118,0.09133698327987386,-0.010499020188492497,0.005956456251352067,1,0.8664668813621379
5168,0.1282997555206381,0.010882686623169602,-0.028957773131856372,0.029659111016538366,-0.21700177673715335,0.1464799328732117,0.032842043142665575,0.019178773851099357,-0.04921570064687698,0.026481224644363015,0.025401543063878623,-0.001097340227742982,0.023190992208945528,0.003641059341360764,0.003618354126076181,-0.009225832205720473,0.0799284178531784,-0.029702850415887248,-0.017269474624810478,0,0.8820746422551731
5515,0.11548542008177691,0.021218857329641887,-0.029953892829331214,0.03852943584981172,-0.20239100586189385,0.130979901430094,0.008047953233000237,0.0073143611072238645,-0.03964101862739189,0.01976750261760649,0.01958417058852588,0.007162779015513804,0.015685285262118494,-0.019547562595218,-0.0071617567528227625,-0.01136569874624949,0.09449977250451468,-0.021451161523374652,-0.006783920966020553,0,0.8165714569221304
5744,0.11251043508510926,0.03855133940366716,-0.04460658391435029,0.024009071295916236,-0.222514562135369,0.14130015114446529,0.012273235856677613,0.03419022782749823,-0.03390712723935525,0.01800532079224822,0.03519279629816591,0.011069244030127654,0.012067624027631204,-0.013851123736668856,-0.000884438275301427,0.008024237326410872,0.08306129243122369,-0.012089066238765503,-0.01091664928794073,0,0.8690245263468924
6927,0.12192884419646335,0.03696105613818781,-0.024874546937530495,0.02780075705766031,-0.22034526522512904,0.14403446517118243,0.010203979243565277,0.01215395637867061,-0.03676074517916267,0.013046048111456777,0.023130326912852908,0.009246300767433031,0.03368913453738549,-0.0055195784857300844,-0.008810842361352437,0.0008292971462744013,0.08887262410627893,-0.008677688695031324,-0.011703388177252737,0,0.8385888448286001
8206,0.1201096205990308,0.017338208875980865,-0.041069087338197856,0.02987603085237098,-0.22208003484179062,0.1474202059587106,0.025297860603900716,0.0020148087170114067,-0.03971968640812246,0.022852567047522206,0.004358161034531124,0.0017737047025429753,0.008483947978781345,-0.004993021486068341,-0.010638060530410226,-0.016260683385569158,0.1027256394774902,-0.026864912808506097,-0.01568905334696064,0,0.8595652959934986
8541,0.1357641861633894,0.04034301698955412,-0.016310828045110266,0.03631031327128877,-0.22709634833255962,0.16159779565419152,0.02611736826498293,0.0345318901896661,-0.056078242318819436,0.013751328516553713,0.008683797482494607,-0.007187928467866806,0.02335555755766437,0.00361766103851305,-0.019970477178729178,0.0028721378483840656,0.0976350386354587,-0.02853931783851965,-0.01798772964764829,1,0.9577509634413947
9056,0.1259986552099684,0.027275158227023075,-0.039593402196483406,0.01823430456716683,-0.2147685491575021,0.13686113271138609,0.011921764408706464,0.001385761573243936,-0.04862832239151765,0.007445894858923052,0.02192499799268539,0.0052251968544828305,0.023051294511416066,0.005904107268445461,-0.005110339876962087,-0.000545994327679631,0.08526141792562927,-0.031128950626879405,-0.017776532048138425,0,0.8280417767342395
9338,0.11847825012481172,0.02633834866660047,-0.04118968520919411,0.020935234855119035,-0.21530505667033206,0.1430840729436449,0.016041682259719744,0.014662005173167188,-0.035655092017119444,0.007189303906195234,0.016727195895406232,-0.002392966427718291,0.001443842874328015,0.01323240334514966,0.01893380085283554,-0.004866316377424871,0.08779364728673474,-0.02928510004599209,-0.0060068031981401525,1,0.8195608081296335
9467,0.12385471960077579,0.04868016312906847,-0.052550992157030144,0.020011127061230528,-0.20261613320716618,0.16177750597877708,0.02165721663337763,-0.0026085319961129914,-0.034320779041234956,0.032916617515172435,0.03177998893588989,0.019765052298262406,0.00880449288519203,-0.0051200048245293285,0.002419063911243554,-0.001108327220044959,0.08542447881733016,-0.03659392474138756,-0.0007033358429351505,0,0.8927124557967613
10342,0.13376658541606581,0.001396390221701398,-0.033306679119718206,0.02424675695816749,-0.23037156185566673,0.15355709042281815,0.015475962807688419,0.021758008155817934,-0.030482300410967333,0.01409244168444456,0.016125573397444408,-0.016181844985877006,0.014370054438379139,-0.008580960517519783,-0.007709816388647426,0.014493243667762385,0.09472985478674402,-0.019973639920643885,0.0055718267883463094,1,0.8561905919444204
10570,0.10488837953730636,0.02968230290320278,-0.03826547437305856,0.011267046188729469,-0.1821035951871531,0.14717081195196532,0.0152924110501191,0.0018537008230549417,-0.02981230395210641,0.0062733342436479215,0.025145585104472283,0.01009041711780619,-0.0009780952244538039,-0.0028549925628818334,0.0006744204460395841,0.008907152766902463,0.08022534192817495,-0.017134198334936436,-0.002967964099116653,0,0.7155875277951281
10954,0.11521226639199383,0.01969819801429103,-0.03569735275756483,0.025400794535875175,-0.22320327280862018,0.16374937720009838,0.0039605961402551315,0.024984397129649224,-0.028764913698081616,0.01203785171595188,0.008245245931129906,0.003967501433071609,0.007468036538255121,-0.0057650148091989584,0.0025947589514911224,0.020975607774933472,0.09004236157860364,-0.01749607468382242,-0.014654455926369726,0,0.8239180780192572
11141,0.1343947431634632,0.03378726004873499,-0.023654856011629862,0.0248347216084917,-0.21245215968382306,0.1298066657925871,0.02323075501862419,0.012008633518259992,-0.04605969617377218,0.012706450627594023,0.02235976059901187,-0.007071782082322704,0.02821193381799924,-0.006221240473734623,0.01504884819275196,-0.004513198687420496,0.09932717382682782,-0.020855135035984743,0.0022546160822972876,0,0.858799630445331
12235,0.12794415728656092,0.037233739473365376,-0.032788926033043425,0.03309246506185099,-0.21791772900263176,0.12977684829758088,0.023397469037720647,0.007550001433123034,-0.047595991867932036,0.015081953500595198,0.03712582897019279,0.007722001111568665,0.023833653726825856,-0.00869863751688696,0.008255914285967874,-0.0017766544367520452,0.08693524961785179,-0.010616529056775131,-0.020640634188877766,0,0.8779843839061031
12385,0.13112881142042876,0.013433365053399586,-0.04225465902698042,0.03725948662262592,-0.24471297503299355,0.1595666129097735,0.015572259737580783,0.02055685570564463,-0.043484905902265836,0.009908375240231701,0.004329653557336044,-0.001531134133889283,0.023280847173382652,0.009811704565577806,-0.006003002279288767,0.006776780812233382,0.09428189129522778,-0.00042423964493612217,-0.0018211726431279888,1,0.8661387327569245
12999,0.13803614016269672,0.041414050258819,-0.029428666477838143,0.013347858577483539,-0.22253922295405296,0.14313453154100372,0.0056429534957570925,0.012898937139994316,-0.04953585793939017,0.02221877411341019,0.0189638514151178,0.006696605991212115,0.015137929333989166,0.01369612932044051,0.0019224334395366936,-0.002732114619998368,0.10252914146898702,-0.010262218529331119,-0.010772482175124746,1,0.8609098989541834
13683,0.13816301850839857,0.008358474321019419,-0.039584067818369095,0.03989594155203218,-0.22064241396126683,0.14874396325716824,0.009970881782198885,0.03632064877922163,-0.058673837904653456,0.042276420184669,0.014338863242445958,0.028722743682113028,0.011761726319116985,0.00428666860029452,-0.01375496939367254,-0.0012453106499484418,0.10021869446600598,0.003944114740596498,0.0010586267746945726,1,0.9219613859378858
14043,0.10266653700399603,0.020846434905730113,-0.02040433629451124,0.010616967816146867,-0.16124446408336346,0.11265367229197112,0.009927067690871634,0.013125686240228316,-0.03602464795528755,0.019025215567006294,0.017816242512980394,-0.017302731294175987,0.016330509292230927,0.028769435538153615,-0.005935213069088137,-0.003570398382297067,0.07316527343154582,0.00036454461885212976,-0.004582899704008628,1,0.6743722776924453
14482,0.11863952209865626,0.019245837837507253,-0.042087844987038804,0.028094451382726565,-0.225259082263378,0.1588824251568841,0.013399121185590017,0.00888217126462632,-0.042243209502853436,0.01237067329495675,0.029297568463456148,0.008229657562028184,0.03326777585548111,0.00016495001091706095,-0.018742415874047767,0.009178825429372556,0.09144149522977116,-0.01567724433249495,-0.011572446257920274,0,0.8866767179897067
14579,0.12942380891608007,0.028240898190914365,-0.03073382058484905,0.0377650199718599,-0.21760958240894612,0.15406447282744715,0.006419504999468237,0.01790000153308298,-0.053854675616658194,0.025578357645474867,0.019340403301996413,0.0028294446507267593,0.01661226660634238,-0.009431964755972326,-0.009031172881640931,0.012571543799421827,0.08740132890602904,-0.009047321843730013,-0.004660388296176542,0,0.8725159777368172
14594,0.13321839645295094,0.026717193228397638,-0.0587519006873084,0.01253651046966657,-0.20189068703509136,0.15438497388722827,0.02584393253080248,0.0033500413643185664,-0.04801112161106234,0.018655611819873293,0.0264558597701719,-0.0028843872039109792,0.021320186940774064,0.015117902144475876,-0.009789831734294058,0.008164103968397271,0.08452549977465704,-0.02385227831865497,-0.015270285798549986,0,0.890740704740586
14615,0.14118531013788185,0.026030800302659213,-0.02681467580827541,0.028807300901020967,-0.22675380251444527,0.16687977000529058,0.02620473244917907,-0.004077457718473066,-0.052095592399309415,0.029549544723794702,0.025817484735876858,0.009076835326989793,0.011564179097925939,0.006281979722031285,0.005953216085368694,-0.0006500692015038988,0.09484259880339399,-0.025179648361915618,-0.004990891261202651,1,0.9127558895565383
15069,0.13562008017685548,0.033373147452972755,-0.02712677050380476,0.021179858335048464,-0.21894272046170088,0.1555898809835403,0.01101866059060133,0.010575813016707663,-0.037239814646663975,0.01304135606754011,0.016714297654587335,0.016963887516737955,0.023671948297189195,-0.009625259321825497,-0.003942381280070068,0.0008704861830828412,0.09758911927732733,-0.007793060377267007,-0.010001614496075709,0,0.8508801566395986
15245,0.12097145424919294,0.020197904749981434,-0.04249027320800936,0.03722806941775627,-0.21165081667810193,0.13931557250170706,0.02803857607887218,0.02313401395287749,-0.029895576016507455,0.014616550554441984,0.01738222561272482,0.0145266212160413,0.03291769525815143,0.006361418975868959,0.0011848539807811796,-0.005489276563358152,0.08996630851133608,-0.025162259638613904,-0.0265927805168285,1,0.8871222476811524
15942,0.13140747484907564,0.03159049504939036,-0.04866606391972232,0.009873627266442989,-0.21072807843744518,0.12803217006708104,0.011109381906996845,-0.0014664410134595162,-0.04271267441409748,0.028900687804234326,0.011074130170105721,-0.007932549544118865,0.025982568722521884,0.009963772721408087,-0.009317448155240889,-0.014229210250498515,0.10012157609862991,-0.019115176791835668,-0.015456277626973486,0,0.8576798048092787
16133,0.1502421910747129,0.0485427930532279,-0.03712254455601781,0.012388022313497917,-0.2051961867563111,0.15447250491387224,0.01201265752059111,0.004635007010030214,-0.03473530531038523,0.04606243402576969,0.030368559785395047,0.020646911748742624,0.016049231899626766,0.037328462747793424,0.004174050898017772,0.007167600224690582,0.08516134028584144,-0.022209939702302093,-0.007979829721568387,1,0.9364955735483942
16334,0.11519133534950202,0.019216830792069862,-0.029856469717394588,0.008729368754132846,-0.21294291055724324,0.14020601921852668,0.019680877921298405,0.020430137615550507,-0.06187948121065241,0.015146008582039199,0.034198073104170786,-0.0003492409393162492,0.01668753657726159,-0.007401596524379732,-0.010187673263400135,-0.00942776064032035,0.0726951757932999,-0.018164242233336493,0.008690745388048269,1,0.8210814841819433
16801,0.15463219969825517,0.02520729852926921,-0.03865722936099819,0.03215044158537017,-0.2564451439093997,0.15069751056007843,0.03207838099373512,0.01967040816356115,-0.05763879936715139,0.04050967743968192,0.023994295759605443,0.013196021732692942,0.022803455921240456,0.010452336721260738,-0.0008516907539825798,0.0058295289767478315,0.10144040035605804,-0.01750668538593785,-0.019277309172996675,1,1.0230388143880231
16863,0.13359760249948255,0.02840726000551893,-0.027424578328080814,0.058674529659410675,-0.2119638518033424,0.15518391759562386,0.011743095183841028,0.02239733784982828,-0.039666044636131485,0.018577881339171966,0.012492125503151893,0.014764966635836001,0.007814860649239376,0.0044886529376025,0.012267815114565567,0.009022090448541239,0.08184171461683071,-0.023162282414411303,-0.01947004127683155,0,0.8929606484974422
17052,0.13601969236762596,0.03375547854540792,-0.03094750249446653,0.03418853349110644,-0.2315432145204945,0.1644031018983145,0.01956512076751497,0.027066123116598846,-0.04619036248100869,0.014116601778449511,0.03819590212921295,-0.009287170951540266,0.02301001845534498,0.014716708204643452,0.0038958466969660397,0.0024516451381229438,0.08481157613182651,-0.020309558929387454,-0.021514533753756775,0,0.9559886918517893
19024,0.12629042776135146,0.0266498676349691,-0.033002871180327166,0.023041762343263352,-0.22933417900223194,0.1495801659318906,0.01029674396689463,0.0013810891729125264,-0.049121912698937335,0.02363399877790352,0.01461538663836774,0.005753766372132675,0.013092790624983145,-0.00038361337761904914,0.0034062210080396923,0.004389449013513,0.08790335887903349,-0.014521233828783415,-0.01782549591740497,1,0.8342243341305589
19327,0.12968394012287152,0.030509783543156956,-0.017849198458393518,0.01888011969779122,-0.21930644037995636,0.1407283834500139,-0.00018502947944408368,0.004117344965386601,-0.04323458120933174,0.008710681333816517,0.02651387774712708,-0.001990037463799801,0.02288526543690753,-0.012008435093430714,-0.01099642300782037,0.01366652665711755,0.08558035908355224,-0.008577305588471027,-0.005107783659759293,0,0.800531516378148
19416,0.1319065963246903,0.021902684039762043,-0.02964142850852942,0.013526368267917213,-0.1953629351276769,0.1513880450879244,0.004731106128875067,0.012079393194026481,-0.03932174525817335,0.01101660156325716,0.026416258524341905,0.011881490308514021,0.01951447554720765,0.0003301857774369994,-0.013990364506326004,0.008106791881453477,0.09477991357668807,-0.024597749852275964,0.01268879702372157,1,0.823182930498798
19739,0.13759110118689477,0.03430997326114474,-0.04212563285312156,0.027374230301076833,-0.21823622781765908,0.149583328706806,0.02805154797135181,0.03842516866565217,-0.028188125322339462,0.03338362636164929,0.01421813586370434,0.009685379691909253,0.0189711426987336,0.013437572937027591,-0.006323885561709761,0.025637203675897512,0.10901798552294624,-0.0045749504779759136,-0.003030410783325402,1,0.9421656296609253
20437,0.1567765993024843,0.013789198027919518,-0.040869532602944875,-0.005447749130689808,-0.21882455392878017,0.14762327884182294,0.038548030067178746,0.007573252981150548,-0.029909901205412568,0.016642708020105645,0.01430421430735665,-0.008930680797413776,0.020242976419157108,0.014466861551740722,-0.003684864906061452,0.009702849956017136,0.11677703914681083,-0.018930128884898503,-0.017973637849797684,0,0.901018057927743
20785,0.12017004459839209,0.022760242306098858,-0.04646376591285837,0.017427994733071293,-0.2173705678304049,0.16635115063790976,0.008000821617438125,0.010778874804256672,-0.05163484161760981,0.03630379718417468,0.005169846546779991,-0.007503852375420968,0.037492634638709055,0.008603517065430204,0.006735660829751025,0.0016812018057166102,0.09573223496121858,-0.03032581700306422,-0.017569520785885622,1,0.9080763872541908
21917,0.1438659893432568,0.03796486059371268,-0.04870106719255591,0.020826710818284907,-0.2159845728184722,0.14104033579623035,0.02458067804365712,0.015278548315374047,-0.0331764764242148,0.011491009945415881,0.01936837227626223,-0.01904869177211673,0.03600655236770404,0.01957602178157815,0.00741888610738093,0.019254958711803886,0.10862115841186337,-0.010675595723206924,-0.018130096074987903,0,0.9510105825180789
21922,0.1440394741165517,0.015507658539743884,-0.033464725068709636,0.02338519236210942,-0.2086404906660419,0.15458692066363272,0.03133032102038288,0.01160725976466948,-0.04680418942530966,0.04501487246492894,0.03096670742127647,0.0013991778874056923,0.042179329015967985,-0.001316840472122336,0.005896808102782188,0.007346984355709994,0.09366430526472157,-0.025014027808760844,-0.020546759658834013,0,0.9427120440796614
21996,0.13800839169904133,0.016576990957691672,-0.051622310647855336,0.011640868205459688,-0.20012481995641027,0.14461178248098405,0.015573791708717472,0.02478302503217046,-0.03710033881747929,-0.00607653966820927,0.027549081189685076,0.0003237786872682227,0.00970923880977345,-0.0007452454370543585,0.006654399009889139,0.0003595931695367384,0.08335404045730795,-0.011691436826283213,-0.026562679634297624,0,0.8130683523951147
22061,0.12346261061551528,0.020001417064217906,-0.03935106339135046,0.030070742440159715,-0.22595120767942486,0.13447991579491012,0.00696704170709224,0.013546661486482337,-0.025927816647748125,0.041281254677396496,0.030039072829872764,0.019203677664255427,0.017054797936716062,0.009563671455550904,-0.003029726797934167,0.005600118256461556,0.09740414136069006,-0.018673353918308894,-0.008742903132079417,0,0.8703511948561667
24072,0.13086029075467928,0.03286185473177229,-0.03854487796548261,0.02359543056278658,-0.20583572234910558,0.14469879988674525,0.036504356280044864,0.00851937728866167,-0.05103229007145293,0.033160221891192665,0.017795991506997656,-0.002231749087644616,0.022642909823403275,0.011642835117784828,0.00917339307692314,0.007734442049023567,0.09285766456428429,-0.035036505997718265,-0.009261016574070463,0,0.9139897295797739
24388,0.13453443596499742,0.023262679449259256,-0.04371466157910097,0.019530889712865096,-0.20650383328116514,0.12949169680296277,0.010161686449803866,0.01821366999122584,-0.04159349701301652,0.015247447986806108,0.024636062110688667,0.0019755726473567044,0.03066416964425894,-0.00519127600882602,-0.014994850924166454,-0.001961960400622648,0.09153069978875683,-0.007934480455611606,-0.014605281489832804,1,0.8357488517013236
24407,0.11355789187272536,0.02106307388802372,-0.013088275326753909,0.014449026811835746,-0.21936830604541818,0.13727924403425895,0.017092070763438202,0.02695313750546737,-0.038814790689367294,0.01981995232728537,0.024703809175692953,0.00831630615913909,0.007959057302965504,-0.011594684067370773,0.015758294838306583,0.00454185477995612,0.0880044400165962,-0.019439496887581682,-0.006081080505469684,0,0.8078847929976527
24439,0.1241607800464308,0.037895720563533346,-0.03976731319135979,0.03236132097033608,-0.20165036751730148,0.15645669221147765,0.04131692517854871,0.010494968146795219,-0.02005230387068695,0.009998284072372604,0.005198479836716774,0.012003039128734653,0.018378943493143493,-0.008136756693777381,0.0004405108230221203,0.016996470326355723,0.10001589046652049,-0.009434881649078419,-0.006559173058969366,0,0.851318821245161
24707,0.13405432225114844,0.019976803041013822,-0.025147886229841744,0.044958584975813974,-0.21960093947069734,0.1392014053197847,0.015484936918689211,0.007964031143091852,-0.038590989302499795,0.020419584571853455,0.02264301784377153,-0.0014470027309732836,0.0073471739129194955,0.01839571067381316,0.0004939562295751253,0.018622399437388713,0.08127480720679632,-0.008400550861955056,-0.010940333696303274,1,0.8349644358179303
24838,0.14714762840683118,0.03061751634395347,-0.03794022878461018,0.015592754630292603,-0.20304175457736787,0.15266366073031268,0.022796246272990855,-0.0018069805312511717,-0.06313529569997724,0.044948242326407366,0.021328458991487633,-0.002343093526092484,0.01903399800904013,0.010303659724877843,-0.0321555628739778,0.0027139494949727904,0.09616249483839781,-0.0191499256732091,-0.004651591911178243,1,0.9275330433472284
25290,0.12683992556573892,0.043614704742975435,-0.0237844912595107,0.02597935827007621,-0.2331621387354949,0.16614943321993625,0.006960299970521632,0.019429110864200048,-0.048091062738413175,0.023247570508815152,0.02948332281634217,0.0048127829629135204,0.023028406850510642,0.0026153539032255217,-0.0005520608546558212,0.0063154680460773115,0.09645263241366057,-0.022751413938754253,-0.009065815634242453,1,0.9123353532960647
26521,0.1228225579214954,0.028594741616464265,-0.0314389187191828,0.027094321518251113,-0.21613647458842045,0.1590985468155789,0.0009998893168770486,0.01511318518834695,-0.04809724531264975,0.03448508420906526,0.019350574992101743,0.01956410920924947,0.016169125054200043,0.0018977982601043873,-0.00989858266417972,0.0038859437854856173,0.08278402516882193,-0.03816493442147138,0.004983218534654106,0,0.8805792772966003
27741,0.1293933327735182,0.01980540749686135,-0.03211462470640681,0.0051667888838464555,-0.2229136746892734,0.1160701483217349,0.03301567864416345,0.004671806057093817,-0.038281091578209143,0.02060180027711969,0.023571919551935175,-0.004544754190367743,0.007063155540307654,-0.02870281799476855,0.005937262894103127,-0.012459116230927462,0.07101467973649825,-0.015720179253411813,-0.019497902049116778,0,0.8105461408696638
28524,0.14061774945914982,0.006826642990599737,-0.0323353042948637,0.013393636650631854,-0.22131733591930816,0.12090258471845194,0.01616180177483772,0.023990274824366123,-0.05444450678650328,0.03110778626940475,0.026428062126425674,0.0007587626663416305,-0.0036724493473271353,0.0033873726446306904,-0.00830952566101248,0.013849302067917096,0.08562513510695462,-0.026495793527374516,-0.014021079174146054,1,0.843645106010247
29893,0.13563291043930958,0.029637461049287987,-0.019797420736198498,0.00990244162247773,-0.21998444860291053,0.163312738658516,0.007581049929736857,0.013640311531415414,-0.03969207101039816,0.021570582855375026,0.01565161339239105,-0.005386339151045425,0.013876687421676599,0.014783569472735496,0.019227215844367512,0.0008330162641612042,0.1065742889300629,-0.023312032822799828,-0.01446696104141659,1,0.8748631607762823
30469,0.12675916793097913,0.02217070356375155,-0.030515474369592132,0.04905574198135045,-0.23192087984308576,0.1412902764301262,0.010799233806430126,0.02978893717574072,-0.04665751555135519,0.02619330010633643,0.012158971784338148,0.00767486798959234,0.028334360692811474,0.0008216534305053899,0.006913106078497743,0.009798431395073984,0.0831046728069671,-0.02961743662994978,0.0026900102889292595,1,0.8962647418554129
31152,0.14030387919834697,0.024915026176427733,-0.042624333526658204,0.021465201131511992,-0.2172729830485269,0.12958797544007847,0.019702509427480617,0.03172864191970191,-0.03465690983030797,0.02014488310381207,0.01840397861793003,0.004876398103298688,0.029673889021010875,-0.006130016847460585,-0.0018836394920709668,-0.011579186638438816,0.10526660762181582,-0.027426189506052946,-0.019626887288416585,0,0.9072691359393481
32165,0.1350253387102623,0.012917292446370727,-0.024555187223664107,0.01860263466250731,-0.22862057798155735,0.15983743713808848,0.004766724191217903,0.023881894989994105,-0.046147928550240185,0.024818936224347783,0.0132608020267813,0.022269423176886027,0.017055824944917145,-0.02925085849866992,0.0016198310786656902,0.0044355957344313825,0.09119577962890539,-0.012664135319573326,-0.019907780282391586,1,0.890833982809472
32217,0.1259433159701722,0.0190257528608077,-0.026240045870769536,0.013497026227845611,-0.21292012345376737,0.1269860544207149,-0.003562031013411638,0.005336628200785439,-0.05634198108185385,0.027089740604774527,0.03802098258111149,0.014773522588616571,0.003554525707165601,-0.010514412268327956,-0.0017267823020721094,-0.014845577282777177,0.08828462883803291,-0.0018013036638500877,-0.016065137864263244,1,0.8065295728011199
32543,0.13966539574278608,0.018154062696957237,-0.0366232617355065,0.014328644156030326,-0.2144120157929978,0.1633849554797272,0.01495781511903172,0.026663953637184754,-0.03889880721462619,0.020242387626364235,0.025314994066052837,0.011522262084972583,0.028427243306980255,0.00183050217284266,-0.010333528430559723,0.012422099308825917,0.0964179028954671,-0.01940092905183883,-0.02411595622456963,1,0.9171167167433216
32566,0.13103455941120395,0.021452926796125406,-0.021809128346337404,0.02638402356842106,-0.2148500626481645,0.1537670022578777,0.012409441755171126,0.005531260722516238,-0.029564310566921527,0.02492830551765427,0.004506041911327934,0.017909283053573043,0.02373309668312544,0.004160471135915536,0.0029114586160437295,-0.0002855564123325445,0.09835748413007371,-0.012974697596688388,-0.015411745061727829,1,0.8219808561912013
32772,0.13004091703612544,0.02944186118144936,-0.042380877958853806,0.023421893587528497,-0.2157384848341792,0.1429095356983583,0.028794047104738,0.00781262976701354,-0.044076781294155626,0.03959763500693998,0.01742293536345523,0.0076944639661639044,0.009468860404354552,0.00037326380088941797,-0.005978844443383996,0.01084575488031877,0.07760626234360629,-0.022135223093016753,-0.011801454438171861,1,0.8675417262027025
33521,0.12219494294643071,0.036317074212894616,-0.04654791727503209,0.026668746795565003,-0.23105799851808978,0.14824497868742445,0.017891894356316322,0.009655213791659694,-0.05314811039441732,0.013027349171275661,0.03409004701018952,0.01899474783770908,0.01485384990837296,-0.014192933970054842,-0.001810053898525769,-0.01970504709186823,0.08579419579183341,-0.010803268005113291,0.0011348216637595567,0,0.9061331913265323
33782,0.12722449025617083,0.015275794765875338,-0.04797184255661805,0.03827252490415194,-0.2212399805482328,0.13689808196099687,0.007474207909986655,0.011528958089104818,-0.047482994810192136,0.030475961443040014,0.021436044054599347,0.017899121567821776,0.016327437926530724,0.0015398057726500344,0.0027094787298183143,0.008470916422860224,0.07832699247734459,-0.016451699970487173,-0.012285800953096056,1,0.8592921351195777
34385,0.13836158682693983,0.030089588845847785,-0.04394168641373358,0.02452751057013081,-0.21148995330796747,0.11586036519768463,0.023000110215814693,0.006524931790085541,-0.050957417041667355,0.0074995769777736615,0.04360472066529253,0.01623343491505916,0.034767801496643824,0.007649913987793132,0.005942439267586759,-0.00785877692241234,0.0834547463122959,-0.015537619849309835,-0.009951356590684263,0,0.8772535371947231
34887,0.1275385482193603,0.011434077379911018,-0.023226538302895637,0.044025683413746644,-0.20917139111046337,0.13088402276536729,0.02341713718456597,0.02235478839876985,-0.063143773790317,0.02425813233094658,0.025526547586498815,0.007764949506756129,0.03406259331334257,-0.004723560077180052,0.0050555960269796,0.01582293418016956,0.0822535066663225,-0.014002303929888136,0.0005476528776549975,0,0.869213737061136
34985,0.14118578126991865,0.02975982871105933,-0.041258349856149644,0.025713489122877433,-0.22823211006534938,0.14573016617230566,0.02367107656151902,0.0190474386935076,-0.04419426116115132,0.025744766776425173,0.027219046283702242,0.006108730523577025,0.02899697835021142,-0.008942142784295549,0.0204846035197475,-0.004180679828989415,0.08609777465285741,-0.007243914134476488,0.0031942303066930544,1,0.9170053687748133
35215,0.10907959000181544,0.03603773492653976,-0.03533109580545789,0.03145559244714702,-0.21985494773101685,0.15614452233419393,0.020578839466874797,0.024553816716449274,-0.050816344961455574,0.001793688822622253,0.02881400143672876,0.016887601156070894,0.016488119200724013,0.002844911813451279,-0.015282419867583275,-0.008049275248540747,0.09435140362816255,-0.03439322219437002,-0.020793536117743643,1,0.923550663876948
36588,0.10685529147024718,0.03117728514089257,-0.05131715064625103,0.029311045465777442,-0.22583442236424248,0.1328984313921375,0.012946585530654314,0.010495380751308975,-0.05037188908109569,0.034103844743296335,0.020618404610442648,0.007707170191737898,0.016089551518155748,-0.0072439182566609115,0.009876144111522881,-0.006813010901376742,0.10388252977415002,-0.002351955722787885,-0.011176189924364855,0,0.8710702015971031
38375,0.11561665274340079,0.026479201583808315,-0.027796619472834065,0.042307739851237064,-0.20930453060908968,0.1479118676808837,0.029930246585424192,0.00213748959985324,-0.029326650070236614,0.024084104834748772,0.012107651384393793,-0.0021197288508524336,0.022353717006176072,-0.004219046267634866,-0.003316393359415792,0.011723053118964374,0.10335563475053215,-0.026502878173683863,-0.004013779290248289,0,0.844606985233418
38559,0.1419974691352231,0.030927188290472453,-0.03176915703126985,0.02797694282056752,-0.22192253811569587,0.13207600246108728,0.015504531245405137,0.012081209107899829,-0.04444321437449396,0.009074286302791633,0.019946518186589608,0.0038620509286881365,0.012948390162663794,-0.010064059505980171,-0.019761304905510757,0.010067756298048802,0.08408147902549183,-0.012845270304357639,-0.011139971118590008,1,0.8524893393208274
38639,0.13648462753194798,0.020978477799229754,-0.03793185601937184,0.02656053926874026,-0.21693034633810623,0.15865844907037027,0.028417256931101104,0.027130663271506275,-0.04096446109045493,0.03262514652360885,0.026233163104242098,0.008498815038634172,0.01843857032612803,0.008678333508371038,0.00022624496804598868,-0.007843188640348085,0.08435131946596802,0.0016302738098958247,-0.004476132116396842,1,0.8870578648224676
39439,0.1225606832540097,0.020146558458268272,-0.04260736440708622,0.029903544801899683,-0.21334949209768836,0.16525102992440913,0.007235967689939038,0.008315287419419509,-0.040968560228127116,0.04270470348553892,0.04515511589156426,0.016729474350640088,0.014145640445189537,-0.00266422683334621,-0.006880000362090186,0.007306714995108451,0.10335036524526886,-0.006802310078893717,0.011807078453150176,1,0.9078841184216374
39729,0.135153239637747,0.023200363657903053,-0.0388498445574344,0.017254029994752056,-0.23361926694262672,0.13882056313503796,0.030415712665486896,0.03123045749553576,-0.040147306467392646,0.015176502989455887,0.037154977015720084,-0.0055140385456362035,0.029951115852367958,0.012265593334000874,0.005137639450831455,0.005970863755788679,0.07632923894770395,-0.0036390166572269162,-0.019031227345310354,0,0.8988609984479589
40056,0.12246144786120036,0.012094902491176824,-0.03332928476754366,0.03162281376135443,-0.22022805944179977,0.1470228948800389,0.016754347554878514,0.023646326100028467,-0.06602020464370857,0.011985786007475418,0.03949702309073856,-0.005874911152043128,0.019161110441425443,0.00372700558312383,-0.012107326063738941,0.011933924307513808,0.1153444972450737,-0.022548442062856937,-0.01317691545690597,0,0.9285372229126252
40595,0.1382693759016166,0.02226169990041547,-0.04945849746948029,0.02133169624029474,-0.23629848039230059,0.1512425006035303,0.038780151264193555,0.011469696908410895,-0.0360178173526558,0.008810219618550115,0.032914119691557116,0.0015655281219319416,0.01660912954688972,0.004812613908754174,0.016717845637426353,0.028914492513188478,0.10501558540237271,-0.026566986446241482,-0.029793932505905354,1,0.9768503694257157
41030,0.13408271248854925,0.02791808046832804,-0.03990633956625892,0.02555690293239516,-0.20361102980077844,0.14880623037389468,0.017748544651322008,0.012318947103666055,-0.04460396222634325,0.028608053408562543,0.023948595762759595,0.008515888504283161,0.01895454388009128,0.006740222486569583,-0.01132680500174911,0.0013562255869889875,0.10695045609759868,0.001467135162984576,0.002260241544492241,0,0.8646809170476155
41794,0.1460486296293332,0.04364372265705444,-0.04450202723100398,-0.010158171380443578,-0.22473866843551826,0.1477763211672782,0.0060495402780415845,0.028061889675995204,-0.03612175052468824,0.006495873567984159,0.007900339077799233,0.0007999734081308609,0.003224196628276368,0.0010969339961211081,-0.015492505694230758,0.013072322281307704,0.07661726503476632,-0.01880771824445788,-0.011239153637956566,1,0.8418470025503877
42430,0.14164326834406654,0.02305417960029577,-0.02779796213042229,0.04315836010905695,-0.24652177761148852,0.15109004412460153,0.006115576548755651,0.024822295105203607,-0.04729685142481415,0.01060410219318895,0.024097981077666943,0.004715329267620931,0.019801352242474656,-0.02879891700164436,-0.004804582159270788,0.0007576700945907013,0.08835705291435939,-0.012244003107238855,-0.005499474899396205,1,0.9111807799561568
42480,0.12394167116934586,0.02932236959628102,-0.03318750646195412,0.02142299329703687,-0.21613654056748768,0.13888676420608068,0.011882687483774336,0.008956021820029946,-0.04153281541723179,0.019020065410615065,0.011107558606859084,0.0017947430307439253,0.02123436210293891,0.007214188385812703,0.008241569248133976,0.011758475822611067,0.10454227328749384,-0.0234249956535369,-0.013754300434722639,1,0.8473619020026905
42618,0.12469623028159903,0.014402145315105756,-0.03971915862003928,0.030442482289088083,-0.21121091411837337,0.1512676627818474,0.008469478883713426,0.019107372330929913,-0.044337995097974627,0.029506823634398414,0.009960960479586417,0.0019402071089784844,0.025319279846913432,-0.017019138037893823,0.0076531618974450205,-0.0021743751805203613,0.09311636704827866,-0.020785126662741002,-0.017650921852588868,0,0.8687798014680154
43296,0.15677504295751604,0.013561567623017535,-0.043494051215575605,0.02913814890981607,-0.21564663082974073,0.14305177270556635,0.013189759873808623,0.02092521913167803,-0.04349507873469672,0.013456008548902757,0.03639031181454028,0.010226928075852909,0.016613743907604596,-0.008100314011705162,-0.0009124412473718249,0.014867861769646613,0.10170867978433151,-0.015402540349869175,-0.0032198033720129064,1,0.9001759048632534
43442,0.09715694403380984,0.0269166764943987,-0.023584989937331182,0.0250155888523421,-0.20219937759883427,0.1384531260958812,0.003691158884300052,0.009569529782233285,-0.028654402699329843,0.012401319548529226,0.012987898846154443,0.015781678508621638,0.022556668464798868,0.007789152006359146,-0.010826880846921856,-0.0066485264510153285,0.083572380365952,0.00014204707816459753,-0.00859682035848023,1,0.7365451668534578
44120,0.1225956574943906,0.02352415194640173,-0.054058006010011185,0.018997841973561184,-0.22454830435832018,0.14031479087733814,0.016445809796431593,0.011918283352793413,-0.039592246106364866,0.00654070227229326,0.02812577372187559,-0.011153042938937078,0.02239764910618811,0.007863177469691885,-0.00011962535708250123,0.0026053380121725065,0.09344108785763844,-0.021435145561344297,-0.0015004701302914678,1,0.847177104343128
44524,0.15530235682768279,0.03454254958004142,-0.030789751994379326,0.00010358728685827637,-0.21911580564324734,0.15086622800343477,0.009182211921641419,0.020122899733973843,-0.05230411285324014,0.016150595958201473,0.01248312942517483,-0.006226548066522008,0.0011921878464205094,0.012754297291862837,0.005824483672487593,-0.00044193578472009415,0.0968895614942036,-0.01801026200564246,0.0015767476565539985,0,0.8438792530462887
45560,0.12291068609414288,0.028476981861276604,-0.03509027689973573,0.027804680347977662,-0.2114125633510588,0.16484984613855425,0.00977237672829043,0.004367012873965121,-0.048075989248832086,0.0014966282052027012,0.023145165774649812,-0.0017631829456871704,0.01894278812600575,0.003944981853030016,-0.008612771128419234,0.006846866638369287,0.0948770956224692,-0.012738896954193916,-0.0060801769873467006,1,0.8312089677792073
45704,0.13973915653956323,0.031006814834656858,-0.029889222532874224,0.03121709454100295,-0.21071819293759894,0.14635574678071456,0.018960789339800044,0.0011005892267331085,-0.03992498924129473,0.014785485526402164,0.02366497752028422,0.01512456570087114,0.014901392949805737,-0.015854346383350048,-0.003952602200223945,0.007811465135232239,0.10139332598116162,-0.031649180701517635,-0.016652014567387453,1,0.8947019526404748
46122,0.1270041100591446,0.027299916343767598,-0.03245832829442738,0.019356401798526005,-0.21324843227867896,0.1458526455325321,0.021160663356717145,0.02445254171500939,-0.04180187922315206,0.0184888581411206,0.014982979081669175,0.007200798513152752,0.024495826053411,0.005081920223337532,-0.002231079933341327,0.0033070345640193602,0.10331529188072246,-0.001595551981965863,-0.0007019511963722708,0,0.8340362101710675
48146,0.1187529536118775,0.01979166383223468,-0.05234648730629717,0.020561266782269737,-0.2247728351994654,0.13648538941184876,0.006067683277425758,0.01272580503186375,-0.03949819438556927,0.026922760704838358,0.025964947273764874,0.011821082976579331,0.024255889868145235,0.001510399605525892,-0.011904437366302563,0.011266402943907836,0.09259813272928238,-0.005580940541613208,-0.035050850324267,0,0.8778781231730787
48901,0.1362214053671912,0.011912311560560242,-0.02332423221022679,0.02777602392427333,-0.2349261144280526,0.1421948431421763,0.019967790606301324,0.022595864812669897,-0.040578644148876464,0.030583167355287044,0.02500387713535569,-0.013644321943825838,0.02003164023146263,0.010215611083925203,-0.016712029748354784,0.0029150046939852878,0.09058978837827947,-0.018036883409745033,-0.0050698781133954145,1,0.8922994322939446
49361,0.10417109793248758,0.027494783772238546,-0.050885998139676,0.03731289532413666,-0.2245385353904619,0.15523196618060303,0.025300136375482254,0.020240770575011474,-0.04690000220086268,0.011047561220084889,0.02303010895371558,-0.0017924973911861443,0.00805128432809934,-0.005976864909554791,-0.014193286617232596,0.016040996460441583,0.1045521827050401,0.0012508033395539867,-0.0013676265917823061,0,0.8793793984076514
50755,0.11896355716678585,0.044578852372708325,-0.02444222210876399,0.033227737908319885,-0.2149449008101207,0.12928045538586364,0.02272466104125393,0.01622989548566777,-0.0362464578389593,0.02872626751893254,0.004621961624542554,0.0034939926896649077,-0.0027670607303437018,-0.0003602282771430856,-0.007568686428140362,0.017320179411875816,0.07498154278132228,-0.024480919050544423,-0.013714335216249587,1,0.8186739138472027
50823,0.1281105439286628,0.02452394860808401,-0.04120768330818425,0.023844141325704993,-0.23137096602467258,0.1485254514691208,0.019481375973781103,0.02063138885105777,-0.03410017279919837,0.021372259218194824,0.01271758749822194,-0.0011798735954885813,0.012013063729926622,0.010309995170893711,-0.0007349465725956415,0.009787783261832652,0.07545109491256742,-0.01594822484078834,-0.0015394449622209054,0,0.8328499460511973
50881,0.12964720728434456,0.03165758069472806,-0.024585615768406364,0.017547594251590814,-0.19860469414614512,0.1570680158845825,0.013352070825708244,0.006536135924911127,-0.04305034908346146,0.021299256419486032,0.025020194172021244,-0.014565235351820256,0.016295261516303318,-0.0027768756266681248,-0.011144712960653025,0.0018175100563547321,0.08552448899665384,-0.012617891113945819,-0.015905981278375333,1,0.82901667135616
51418,0.13367446559120452,0.015522541025197801,-0.040151527418722924,0.016361919842166454,-0.22895552540668762,0.13411111023991987,0.008619036386751527,-0.013554677691662438,-0.038227687399658226,0.009264483783018355,0.021785867303689397,0.010554674078857719,0.023197701011595826,0.009957116570176429,0.011457623239428259,0.012671677933553206,0.10265362679717505,-0.03453537021577737,0.012227351898849794,1,0.8774839838340928
52343,0.14045126227830518,0.03273344653491865,-0.04198597252675933,0.026718865484437367,-0.24552416237906707,0.15083373302198472,0.025870951403182532,0.020752127291462023,-0.04616877997082207,0.022268853427282014,0.03928701288560531,0.016960074674519297,0.009675928854792492,-0.0039302286177625755,0.0036758542718041145,0.008076714257148208,0.11579274725926393,-0.012366922145511678,-0.012869780152289012,1,0.9759434174369176
53714,0.13709850268075466,0.03108771179499436,-0.055751663259905035,0.013442874607768858,-0.2182488322744761,0.13543275746989455,0.01410129876561099,0.03025464213229351,-0.029727609295507204,0.01741700556740001,0.010527343431999604,0.008090520326928441,0.01364861159973214,-0.012949518554604165,-0.011584364452396276,0.017288730966849453,0.0788971525144398,-0.025491779744065125,-0.005423194723252642,0,0.866464114162873
53769,0.1354422209309953,0.03685752007553563,-0.020685345792845727,0.019048773217539065,-0.22532583623680277,0.13789731025386184,0.015810361094719737,0.012286861157365,-0.03818087437985938,0.02621480866097026,0.01725536189202594,0.0062551123781045374,0.02173397515028277,0.0089995015682057,0.0034494516235091606,0.02906824785686892,0.09229642972926871,-0.03299829863734654,-0.008838241634122314,0,0.8886445322702293
54305,0.12917440829792226,0.02343126145945502,-0.030767979022419224,0.01654244286347324,-0.20513380744119467,0.14131610597874494,0.020000186911928418,0.02670505499157198,-0.057947169286520224,0.024649802334422554,0.030340586555465898,0.003969181652464301,0.021664563711401606,-0.020352856663060397,0.0006721184785146772,0.0053883217632467555,0.08587519525757972,0.002170224262768031,-0.01218606903911024,0,0.8582873359712642
54550,0.14442695762181554,0.02384345222102044,-0.037229787655637586,0.028184203087566837,-0.2360417767025112,0.1456492972901481,0.01985501207230909,0.005996927567971531,-0.04476728862540535,0.019073620302283257,0.009116391565554261,0.02381234665848329,0.017020351904026284,0.0021194932923299667,-0.01565707524871555,-0.003756470662715763,0.0832964031722741,-0.019444386040099695,0.003118193103081996,0,0.8824094347939498
54965,0.1165927364146626,0.02222913764130586,-0.022811838506024657,0.035901528127253626,-0.20403948074637185,0.15362678252176545,0.0202154990312024,-0.0034361582238087336,-0.033001848209498544,0.02513148679836769,0.012069936022696865,0.01827463856301803,0.010216366655360796,0.00495457758330582,-0.004254792644816595,-0.011081096890942199,0.09532693032338928,-0.0006907744564184204,-0.0184640895669041,0,0.8123196989271135
55491,0.14225022445334237,0.023856459919792992,-0.0385799901608182,0.018495995879992025,-0.2314202505897851,0.14351385201664296,0.027631407632390387,0.023251695147659016,-0.03222090325787342,0.03673235679161487,0.0077030334475650854,-0.013588055398941798,0.012239029312925956,-0.011396752264873224,-0.013314975607796995,0.013814062498517608,0.0960875939362417,-0.018516010930763313,-0.0313318897706263,0,0.9359445390181633
56215,0.13724111708357062,0.016783731045530936,-0.03161137327120889,0.026030355733786526,-0.22309386749443663,0.1320524056023778,0.009614632574510394,0.005505490343366461,-0.05507799479403903,0.007632551591331052,0.012877168346996625,0.009583993774289944,0.027697856740976943,0.001267078530106809,-0.0012573098588124347,-0.012471950241384344,0.087954998799417,-0.005640127672354905,-0.002219661710508225,0,0.8056136652090056
56500,0.12973564236776375,0.03745680775897219,-0.045058550693462034,0.027324939423143905,-0.23526982562593735,0.1529368936414207,0.021363399571300252,0.010745063361475855,-0.045931528410998936,0.003358840761832569,0.023453180846515726,-0.006049494044314616,0.01812529944692349,-0.008900766905689134,-0.0282515958724562,-0.006472464277268401,0.10578987562037453,-0.031713682229015404,-0.02077117572325709,1,0.9587090265821221
56732,0.1310130347327224,0.03654927690816129,-0.015701862263683298,0.017727296832334753,-0.19192511125538156,0.12854431296010518,0.008318681400110842,0.025274968942680137,-0.03701995379882336,0.014971405398052934,0.024553335454641743,0.021216398542134127,0.026046094017835985,0.005936707464568266,-0.004735192117474389,0.02858757043341118,0.07537812578567238,-0.027006627673732377,0.0021991770398912783,0,0.8227051330214175
56770,0.144395869037778,0.023424951391119758,-0.027651513256868095,0.03445516624014261,-0.20406537578709516,0.13834355139765425,0.021465889864331292,0.010563245921850945,-0.03629021756355591,0.024028061255431696,0.01661281933705809,-0.0029280361362875196,0.0224460182722636,-0.00431324056292834,-0.0071683399469501235,0.010976502581565717,0.10868434398500791,-0.008138932892781928,-0.011140671545318389,1,0.8570927469759894
57407,0.14018647645795457,0.018522281100934127,-0.018945370202229857,0.01852420465060731,-0.2218700300728156,0.15263909339949638,0.011498203411707854,0.011551683936013423,-0.047536074524480325,0.03783232832984471,0.023696390906180975,-0.007231731481592615,0.009418334828654444,0.019552223705735432,-0.0059659174533592,0.014009807255376563,0.08738779202035286,-0.04419860958743328,-0.018553289621481093,1,0.9091198429462506
57828,0.14792478059717445,0.02341771043091852,-0.03506103252548396,0.033208357567284345,-0.23602330912154665,0.17250516916764966,0.015213592837697746,0.008339316798844578,-0.03955736250939881,0.015720357335169535,0.011134808778449749,0.01675878035421914,0.024321167593389464,-0.007975153246585686,-0.0016548280100733388,0.025874549279587194,0.08927635906017627,-0.011230242990092646,0.00425347974086582,1,0.9194503579446076
58018,0.13111504497934173,0.038901333097912126,-0.044978433278289674,0.020654689489421438,-0.2118964318359967,0.12565238020165642,0.02686814132675533,0.0369181125525446,-0.04523371452355294,0.01356625235257033,0.012232211980942324,0.009502560922189285,0.021435186314855834,0.013134551644412561,-0.004131231057464055,0.02206037542692731,0.08967687963520381,-0.011082617136742657,-0.02468978159102326,1,0.9037299293478024
58073,0.12839822584858165,0.01954979272282856,-0.04386034310795253,0.024467822563252407,-0.21892150932490395,0.14465705690066535,0.003737250005713596,0.03433020335439199,-0.03869266829713246,0.01608368447417043,0.04491374171412457,0.0013309737897440176,-0.004685471979288494,0.018049951522343455,0.0017155018682111862,0.01766572351297777,0.07856310666874072,-0.02330712147660057,0.0029063488276482906,1,0.865836497959272
58556,0.1532468449465367,0.021491135259577313,-0.038296876237542105,0.02687457224625987,-0.22447497630002247,0.15403729709749098,0.020318845925795376,-0.005289899866534328,-0.061503054240498366,0.017789694881025962,0.021075839186325152,-0.005173108974317399,0.016219684245310277,-0.016328702974596123,0.0023447832384206886,-0.019099068285830894,0.08496404099247155,-0.017751739523381476,-0.01933616355704139,0,0.9256163279789784
59100,0.1525251093258009,0.029833227116207672,-0.04089126367489187,0.027435616092838684,-0.22301082762278274,0.1623509264339912,0.010074624235884858,0.031186809824478388,-0.04957630723061063,0.029396736862792972,0.03692630414939655,-0.01528157611565467,-0.0073815783083020425,0.025108162557155138,-0.006126686507710818,0.01365495296330661,0.08373769777628465,-0.0016858097641987045,-0.015979202991310497,1,0.9621634195535996
60217,0.12830279914469322,0.009250501524340116,-0.04453190886994616,0.02604291902008576,-0.21505384273581962,0.1476060148607101,0.005117962000484696,0.01809613716072717,-0.06667974320275048,0.019024506094580902,0.00019651501645518357,0.01700328039163983,0.015188214160392644,-0.014873802988651097,-0.0020253555111062927,-0.0011637192529294301,0.08420216004806086,-0.02070920940265658,-0.018426862854188295,1,0.8534954542402184
61283,0.14467295109112674,0.017596952891441572,-0.01735756941559956,0.025543925497442953,-0.2100928408419905,0.1399159136426662,0.011915436883190716,0.004118919484873093,-0.03548700822119464,0.013623024815564754,0.016265939416322088,-0.004525964430740155,0.023292169248512115,-0.005213298221721772,0.0005848897142021888,0.016724225698628907,0.07917059197291595,-0.00048633739579468244,-0.00982955805546121,0,0.7764175169393898
61299,0.1597072450321145,0.025148021639770722,-0.04522110734317689,0.03149614328463049,-0.2190549523267196,0.14469049090865138,0.015353756566593327,0.014331651193890337,-0.039908725115421546,0.026760057664680544,0.0024901825436756436,0.0036999486370152793,0.010971165124021996,0.0033750020223931526,-0.005733324013198685,0.004813988557709245,0.10436243669248711,-0.030352800897225883,-0.016584418452343583,0,0.9040554180157199
61390,0.1082894072329765,0.01960598324135978,-0.014465977199544433,0.02902974895102747,-0.2075422226346953,0.13184066360712504,-0.004335980315026617,0.022384522874506187,-0.02857548099066485,0.012562625191256949,0.00673083784668633,0.01471434521703712,0.01127454048837922,0.009386097413997424,-0.0015945678510196268,0.002670717618807792,0.10627200960968088,-0.001810278318836532,0.0007274871272501806,0,0.7338134937298783
61635,0.14458944826761919,0.027842781279678062,-0.0383291332853936,0.014204798711945374,-0.21998165362879862,0.15280319607611498,0.01796894394608952,-0.007310700645500805,-0.027111385332094638,0.008525953055171365,0.03020241958422396,0.0034410818251474538,0.010339646158548316,-0.011288237753814205,0.002145641784848059,0.020211885801236524,0.09658440056407258,-0.02784828628448553,-0.01137090572598804,1,0.8721004997107709
61994,0.14145640236098753,0.015410982235419408,-0.03424630014607368,0.032086124752831374,-0.21047882654819242,0.13980296874302606,0.034982732940074424,0.006094180678521323,-0.04007639637163135,0.02830148105004734,0.012121399654623695,0.017560599275384076,0.014912860400174414,0.017460839958877806,0.007724397073918233,0.01718599354137437,0.10271853566662864,-0.026586176414190997,-0.0068408270768038175,1,0.906048024888781
62281,0.14344119931370472,0.015080638654182682,-0.04378997900204372,0.015988395725801758,-0.21239289829248992,0.16865157110003012,0.011208495021139117,0.027469861070037696,-0.0470960843960624,0.025468201527586654,0.00963815441303828,0.016307406511268698,0.022421310488713944,0.004753017099773599,-0.01533938386227259,-0.0019442194586084302,0.08750942824340081,-0.003768556163841478,-0.01689513528605889,1,0.8891639356300555
62655,0.14172873905028524,0.031536885852106976,-0.011111698662816671,0.017203987527449633,-0.22392770647537633,0.15349951684921262,0.017811655724940822,0.014273961985570094,-0.030066453022643765,0.027478377632133497,0.014164705274223297,0.014120014619554005,0.0047707640623842335,-0.0067899592238002,-0.016564681854856284,-0.006904071603958046,0.08255996040421783,-0.012685822348813198,0.00043867490271026885,1,0.827637637077053
63063,0.14758808357626324,0.032647651366202964,-0.02417828810209999,-0.0018272904452002968,-0.2357234083196497,0.14004282059740744,0.007450221696220722,0.010215495237156268,-0.045424991476346974,0.01953517846831403,0.024187961853034904,0.011122183239099543,-0.0018428288267613487,-0.002912998146567725,-0.018821202056131345,0.004747802478826851,0.10729416817469008,-0.010940513369766739,-0.0021967987624092657,1,0.8486998861921494
64155,0.14519180845773014,0.020693441203644067,-0.027237153861162742,0.022461363813127907,-0.21251695419192687,0.1364403327700792,0.018723808608537233,0.01691282919345633,-0.023931198237301422,0.031793374637707254,0.022545814610306247,0.004997413520985672,0.013099848928805728,0.002083930970986817,0.005140874919621472,-0.002014723130048334,0.08540292090011474,-0.01983604552839257,-0.0012856497999462386,0,0.812309487283881
65216,0.12098116082075909,0.03381047397635442,-0.04703938924933739,0.026598225349919145,-0.20603249885189634,0.11591601538662935,0.013879411747332948,0.020996236089824566,-0.04223380799176501,0.008704368730133546,0.0036177012286313813,0.009801180658153816,0.02328402436627839,0.008212945375958732,-0.011769254564780363,0.008355667029465481,0.10295347259581873,-0.013333629075289039,-0.028836964865799796,0,0.8463564279541276
65571,0.137349204504059,0.011365721488232646,-0.03921549170356833,0.017429757478608813,-0.21218021394915895,0.1371085331769275,0.030303131549615184,0.023095787108402904,-0.0320028116578691,0.02192611032936649,0.02890389032122711,-0.001018240861891823,0.019187367128088856,0.006667338629103062,-0.019676721577677848,0.01111435741059986,0.10082708898370737,-0.003507017597127129,0.014472245259993468,0,0.8673510307152255
66370,0.12000480433280335,0.017452402607661004,-0.0502005913001452,0.006559535088857726,-0.22771158318813028,0.13573410820230622,0.003234812700256007,0.00822870446903161,-0.05889124429465022,0.02073103565045922,0.03418383856161799,-0.0010738509154447436,0.01525609902464987,-0.013163222844989478,-0.006849588574015665,-0.0031081082863374135,0.09525066718640866,-0.027100027231176237,-0.011153417629401242,1,0.8558876420883421
66633,0.1219805557602576,0.02564568167853923,-0.017628670631219225,0.016061680331335204,-0.20055859420487088,0.14652334460393002,0.011806577903084167,0.031533121284028194,-0.042794017725343234,0.019399058597703123,0.049665266967709315,0.010183192470383174,0.02187187608898739,0.0034577863942083786,0.0012589705279087335,-0.0021882031152216474,0.09505988173569102,-0.018193740547287618,-0.007236366020510396,0,0.8430465865882185
67911,0.116972118799306,0.03336175923457203,-0.027053022700043908,0.008432648602911846,-0.22263849941778452,0.14890034753781467,0.005820409042674346,0.0055126845244129405,-0.03927955720726504,0.035506647216427635,0.018141552915212286,-0.003662602404575685,0.030224744508329057,0.0199906992686345,0.0028020816129722074,-0.009147984760302813,0.10118234639496938,-0.017711914431730993,-0.009756272305288463,1,0.8560978928852283
68270,0.14499013001471023,0.0034462614331821338,-0.035246551181491774,0.033351479996279035,-0.21722834358527726,0.13893411163616456,0.014792556806520012,-0.0008781112403091573,-0.06720610283971266,0.03797433641274945,0.008795929159955201,0.005239158313879046,0.019793627571054326,0.0011663498833360895,-0.00790494966458699,0.009973487447282915,0.08805132742359977,-0.009733707175433643,0.0030628619715663556,1,0.8477693837570907
68600,0.11548373711558553,0.016695019602400683,-0.017898777748147042,0.018294894614311503,-0.2133183841285372,0.15196286238534631,0.010624863944531103,0.007038778419626603,-0.04754897851633922,0.006436486007861286,0.04385586613684283,2.290739914973358e-05,0.013645728140529839,0.010116261633560908,0.0031526365492683633,0.004224592128323926,0.10082665398588389,-0.03042343814478304,-0.015404845765215372,1,0.8269757123662443
68887,0.139779004553085,0.01932149738180083,-0.022122571350407908,0.021819008195772226,-0.20495805774886353,0.14865024968233673,0.02859012836087145,0.007373134003704325,-0.05653292827583793,0.03319324171069161,0.034072147070675046,0.009304071264279849,0.0013810201764925753,-0.006533999185693042,0.010062987274962219,-0.0021114954437073323,0.08781665340987291,-0.033481554688701315,-0.007573380566750554,1,0.8746771303445063
69866,0.12312152689001282,0.018998199241495074,-0.016009972785160743,0.006324855187690216,-0.21112174204823228,0.15234365058467383,0.02176267272312331,0.021254120808809958,-0.037231084318698454,0.006667890572790629,0.01682823386081914,-0.004054045743881826,0.02600986408324927,-0.0035397957089773916,0.010669668980259124,-0.012989529358581746,0.08326591131930884,-0.01814448460044923,-0.019382177492055418,0,0.8097194263082693
70390,0.13249618804367266,0.011645305931740567,-0.02316710245608697,0.028186684172099002,-0.22697205710136503,0.13808922055426462,0.026803067223314683,0.012759626389990588,-0.04133802426074702,0.016108875075930486,0.03507939991025045,-0.019181931055320844,0.024610158670335953,-0.0019407166317049684,-0.002139641337158485,-0.0012785109441650106,0.09598519927566153,-0.02629085885384461,-0.0067704287332287635,1,0.8708429966208823
70591,0.1323905779951064,0.015511319808688716,-0.033404270335426985,0.016329408149490823,-0.2278882899353349,0.14509738816628184,0.0176311095572871,0.009260261951213116,-0.040595715293573004,0.024205803022107664,0.011927256720761607,-0.0012975732632715476,0.0064769537659288305,0.004133327832238217,0.007218598730624835,-0.002831187827124912,0.0844712637972508,-0.014394312564763081,-0.015721792876597487,0,0.8107864115930719
70896,0.13173524456368207,0.04436249410634579,-0.036641553151058374,0.030073659522376818,-0.2323571548552179,0.15139811083186597,0.014780323402908881,0.030601651143682546,-0.02849427868876906,0.008921611280664673,0.017821254081157062,-0.003054092894659508,0.021559878709167434,-0.005761501875005965,-0.004259439693527739,-0.003135484631859637,0.07617260535396683,-0.020843118289401153,-0.015506097748919225,1,0.8774795548242367
70938,0.14565406424229235,0.031526053318486784,-0.028002642745139607,0.009549669990970823,-0.22032870110667038,0.1371768169567304,-0.01000431834351836,0.012491841021538887,-0.0405951949201746,0.035321292685421814,0.030898889485866592,-0.004255170344490753,0.034955672068255124,-0.0003070271999262386,-0.018705433612786225,-0.0015185217574315802,0.09244556331033779,-0.024780815203387745,0.0028653029099144915,1,0.8813829912233405
71083,0.1452821199024944,0.022087736644968714,-0.035536749664004774,0.03759056579390829,-0.2265338253453903,0.15742103097671145,0.025090425484328126,0.028296181776354516,-0.053292732197977415,0.021476548266167465,0.02304486025697566,0.0033831608383132336,0.034973561962674315,0.015326917025908443,-0.009634080179274059,0.010749802740056028,0.07658589116328031,-0.011682493923118507,0.0033343763368051454,0,0.9413230604787112
71336,0.13556040528176921,0.02246651237725986,-0.04692342418815153,0.05033627190943798,-0.21966690511268155,0.13586508912859896,0.01780187543269467,0.036405194307842455,-0.04605539491104299,0.01236316787907477,0.027802345375264735,-0.007200164915822346,0.025066032915954696,0.00753596732977845,-0.0041525577682102535,0.014329555267850236,0.08776101004208971,-0.015391281437061453,-0.006474579333051921,0,0.9191577349136377
72774,0.12805218375525762,0.01798664252604638,-0.017029778238574926,0.027141495727081397,-0.23145431133065741,0.1428854264197648,-0.002098853507630459,0.0062309732027390225,-0.05847500293737219,0.04210670552987843,0.024592643351190754,-0.006092418240269053,0.030704195451406572,0.018358392130838355,-0.014497897890196317,0.029145448770564474,0.08357520755313227,-0.021401732457104642,-0.011356779139416979,0,0.9131860881591221
72796,0.13788078468260737,0.016653346366036194,-0.04362168274936091,0.03487482384481674,-0.21893910320033114,0.15342606640246076,0.03421097105512915,0.017527590653808465,-0.049490908647344435,0.02392971347827761,0.02408461782444644,0.01875521447818368,0.007015279283160478,-0.0016927401238887242,0.0010263294393088145,-0.0086173299713051,0.10124525199807116,-0.012918777435221592,-0.007565952478460057,1,0.9134764841122188
73394,0.13001704361159952,0.03658878549255471,-0.05535999006486515,0.03478389453800921,-0.2291580774787097,0.13675957412706166,0.02427219354827217,0.028593728710210937,-0.04605530346153261,0.020090603717445994,0.019308972723131052,0.0031622818613734585,0.010886936620318876,-0.023561043737668083,-0.01546514751147763,-0.003719421663311736,0.0952826613702009,-0.012926120819615609,-0.012014494083093206,0,0.9380062751404522
73716,0.142086501475769,0.026355874421583988,-0.036673911474770435,0.012604085007691208,-0.21643811313786632,0.14198623848251182,0.012012390140615918,0.036861950475174765,-0.05116679700208933,0.029783431908983797,0.022976381852936392,-0.00753924864128798,0.02752351932053941,-0.004804509741447189,0.007618328847684462,-0.008325134236502205,0.08907218898432133,-0.01695941712112715,-0.014339459158203467,0,0.9051274814311062
75885,0.1271005226556358,0.021482059668998688,-0.016860410367761567,0.030460703909198493,-0.21709779963721806,0.13750572811362885,0.023395508227448222,0.01734893480900786,-0.02340701072415843,0.025786782704753222,0.02578294859003239,-0.0050508840511553806,0.007485629864810146,-0.01813793159051071,-0.0011198460994585279,0.006205534324058129,0.10168182502151378,-0.0032526804258457675,-0.018879192337667806,1,0.8280419331228618
77077,0.15092876837082228,0.0423157353039352,-0.044956923929493395,0.015801644414014944,-0.23111226106547253,0.14939524404873364,0.0015092442944360995,0.008838057489462522,-0.04381616714724226,0.024138644418828268,0.022567648097566336,0.026939658290663412,0.023916411834935387,-0.005295040816936464,-0.003759168026733186,0.030002645291533157,0.09498348980315334,-0.02006696461310877,0.0016041222463739006,1,0.9419478395034451
77313,0.11661289175364731,0.02999004949823633,-0.020466289573241633,0.019148006278458057,-0.2373131746121333,0.16290346744356224,0.025148287747714763,-0.0057099111776454745,-0.052226221977630015,0.011942241131969651,-0.0006578127628319119,-0.00172069637019065,0.01956649333350732,-0.008038532313531762,-0.006574771943348781,0.003766409272374939,0.09756502151499616,-0.01820742440134089,-0.01127637060758166,1,0.8488340737139428
78230,0.1490653167889867,0.04829567189600997,-0.030306176892574182,0.017171854869013542,-0.23690727489008928,0.15732204992764937,0.01578902214351965,0.009285341876348932,-0.030331740649383713,0.01274809437535025,0.018667037717149757,-0.005191174679579749,0.012475668608825414,0.008294450611264418,0.008978644519870451,-0.0023671029705147582,0.11103766065772863,-0.020757805348404188,-0.01303745029207982,1,0.9080295397143427
80502,0.14352265333701864,0.02039360196365211,-0.04619396466722172,0.03705147343939147,-0.22733619838469904,0.14841023517331853,0.0006219003833633906,0.01764183629617697,-0.041774504912970974,0.01265128371787088,0.02107196859078044,-0.005124216093707316,0.019717740286791834,0.002434237082370214,-0.015281004971456224,-0.0023750256129785228,0.11289959080037021,-0.02097686925247244,-0.00035865034835098723,0,0.8958369553149619
81390,0.15254144795374927,0.03446087954755533,-0.035770750981092087,0.021258126791875817,-0.2188273670037338,0.15688499250212995,0.03225739820701659,0.006832415294091024,-0.033440282398248075,0.03209271970438245,0.012631672059697337,0.0025997110387747714,0.025028852069291268,-0.004761554456508373,0.009677644430948939,0.01780066508388921,0.10014482437627052,-0.006552831297158071,-0.01217563481853966,0,0.9157397700149525
82463,0.10373341573748372,0.025746134122541838,-0.04055786877568265,0.027412804395923845,-0.19126234301607759,0.14763834848077131,0.006534902070068149,0.004252463612647497,-0.051285362664595754,0.0286362918146044,0.008428097588700183,0.01726640825063646,0.007866020559689676,0.011256958561144711,-0.0005322695677826406,0.018401688829002075,0.0957040763605402,-0.02982484016523502,-0.00692554792446316,0,0.8232658424975908
83555,0.15167295607073922,0.02609755312627536,-0.029536090164040733,0.012272293818588513,-0.22236834219304355,0.15138348444165367,0.013237031824062672,0.005989521133347544,-0.04940807374353818,-0.0014157441530459982,0.03605594214876479,-0.013741799295871831,0.0061523331737045155,0.004187619196988947,-0.015871388730161185,0.02074250430226009,0.08053654675380997,-0.00475365928123836,-0.019734700647359108,1,0.8651575841984942
83916,0.11729990379969728,0.020532612714848957,-0.03956914106049084,0.017919641317120424,-0.2286056603803564,0.14484498091372974,0.018832157275713114,0.0176325508294305,-0.05202934927930052,0.007619026157695792,0.022064347574464703,0.006245680458517126,0.026883657491512683,0.00041836080499574796,-0.017891776531587484,0.016452124645724694,0.11340210436944868,-0.0013068211192263635,-0.018645785775287197,1,0.8881956824991483
84249,0.11247354672538248,0.011949178321261873,-0.04443742041236704,0.028154379826275153,-0.21147271072748586,0.14164542149811282,0.018762993778798323,0.024566361902340593,-0.03470230241664535,0.024118935114629866,0.015678339576511532,-0.006735451881140915,0.020832600224732094,0.0029556376411912924,0.017723465561282768,0.011476724728709618,0.10809952188943962,-0.012604543564702326,-0.007776538946681019,0,0.8561660747376906
85187,0.14290017966934979,0.033077726845553414,-0.03435609434401493,0.022646706882317395,-0.202372780927913,0.13320541427138793,0.015550268184084523,0.019710732133202142,-0.015860213682223918,0.019683163331072156,0.007338754490998911,0.014711008519997359,0.003349703200780863,-0.008010651833631387,0.009431621672146546,-0.0060750757762997815,0.10158802157111342,-0.014852228388457326,-0.012165492976658145,0,0.8168858387012029
85299,0.12233880723893636,0.017380435748242554,-0.04200884186996038,0.004264128849780551,-0.22226213663066616,0.1364686808695386,0.013451082461950186,0.014731838399993962,-0.027615995405177472,-0.0011629894005179618,0.027119232931783976,0.0031709299371167053,0.03239771859324079,0.004697461452936329,-0.0013570636633144036,0.016096995638880528,0.07999261037748834,-0.02890254249270066,0.004168288150927899,0,0.7995877801131538
86837,0.12175614638726362,0.021669412901443957,-0.043062587014591605,0.030679659596531066,-0.20989192610131607,0.14341157066559637,0.020720889317477613,0.014810611184203263,-0.034274091011309786,0.015711520401106124,0.01400699313586849,-0.004872924280320689,0.023763463206542053,-0.010702616821048729,-0.0038865119637290302,0.004275814319694238,0.07405096755937765,-0.01406154918998593,-0.03228982355334697,0,0.8378990786107533
87835,0.13629574082012966,0.020240582239936127,-0.034654512556270015,0.02497771614391121,-0.22972194684422834,0.1453878351149208,0.024371656015574658,0.008632943606746287,-0.0336031234065802,0.020253188744296644,0.018482463147799614,0.003834496019065287,0.024468486776628395,-0.010953545719013313,0.005095234664953106,-0.006777226411060698,0.10603833707600255,-0.0174949533972172,-0.011340923612220437,0,0.8826249123165545
87902,0.11233897264707084,0.03326370545157723,-0.0418433193239539,0.024955807181027603,-0.21868229968082392,0.1310731346435904,0.024315155917600566,0.030054929784711925,-0.048643305648108114,0.006910309864856187,0.033752706612635984,0.0011589573525983832,-0.006267814420678894,-0.008506342476997037,-0.019747582171927437,0.00951567678586041,0.08439998664586774,-0.007921543007320606,-0.014722139423182939,0,0.8580736890403902
88943,0.12662680779410843,0.012564301962560172,-0.04900655177750106,0.020880750498676808,-0.20587030516969007,0.14021746095176987,0.02623569736090024,0.0036821381441711123,-0.03691439359179175,0.014532435505136382,0.013891916391939907,0.008184952907155546,0.024359654921514755,-0.007711649766384997,-0.004580801060709728,-0.015003978377456451,0.0958912120989634,-0.014972177944136798,-0.02273214890404422,1,0.8438593351286117
89149,0.11688547195957086,0.017904023621290243,-0.023372051965578438,0.024743467731105858,-0.20814730666357736,0.15152336214297812,0.022122661013726116,0.012588505459622982,-0.04697393699800391,0.027812763198732188,0.01658661949850017,0.009381231652430632,0.021514013994912887,0.0016721445190582519,0.00032958376793321777,0.008421288093511753,0.09921628809372698,-0.029242421287796833,-0.014956051922680918,1,0.8533931935847378
90102,0.11830542490867209,0.025680892487969526,-0.050191663844444116,0.03532462414838198,-0.2162733920438244,0.15890394797947224,0.02155436311157631,0.03132929625683125,-0.05462820514399556,0.015244274685631734,0.014966007460493957,-0.00427003890458757,0.008305352553284566,0.00245797609297636,-0.000802191675048546,0.017430836703216507,0.09409494675102686,-0.014157113301690526,0.0017754032150572412,1,0.8856959512681813
90625,0.10865908191016488,-0.0016191237589674755,-0.0290706718273002,0.015644477690745735,-0.218820876154012,0.1485259492537975,-0.0005243488195805739,0.01991846722338003,-0.038140667808322724,0.0280039157505975,0.03510254554369182,0.003995348738109525,0.028707223210803167,-0.0001782215644306138,0.008043288018977805,0.012059151872837025,0.08064737709932468,-0.012724345940796114,-0.009816770479949282,0,0.8002018526657887
91738,0.12519092858633254,0.018758313370672308,-0.035181941837992385,0.02137665323779725,-0.21326505530109566,0.1306813358552079,0.005675069316591447,0.027625216701020857,-0.02754324174610958,0.015175443450087648,0.012560323465714554,-0.0014409154966845208,0.007377231568356493,-0.0056844136610623465,-0.0066520948784853946,-0.0033228950060218885,0.08450967969896957,-0.01597455426841833,-0.01341624086458258,0,0.7714115483112033
92350,0.12602272632672323,0.014128840111384757,-0.04576368614325252,0.03518887265596457,-0.2220640360266576,0.1315873059938327,0.028839775962706655,0.018126840013701698,-0.04808439652286868,0.03222969504454257,0.003430482023758089,0.005720533991100067,0.038763690626030765,0.007852799575377666,0.006258078279896667,-0.0002514996922866935,0.07684496628554424,-0.015413929500244063,-0.01346799371136689,1,0.8700401484872401
92661,0.13974886412408916,0.027748395592119845,-0.03470243641243246,0.035929110714853225,-0.2281839412354939,0.15298555314536164,0.030453119291261,0.004868628069788341,-0.05121862011359121,0.03138154126854303,0.020228542563797334,-0.010031174043238614,0.02062496109246028,-0.0061374791593403555,-0.008103386285366302,-0.0010602929428115662,0.09302690658140841,-0.02142462912505808,-0.019397090712476847,0,0.9372546724734916
93228,0.1470345795366778,0.049358728424069735,-0.03958462148901358,0.016268617174385342,-0.22071267548570578,0.13993883006905897,0.014396911760466213,0.001083034934422223,-0.05274195280529483,0.024278640694910387,0.023176079338320447,0.015431697524863706,0.021354744942646584,-0.005791830939286601,-0.014889173369239072,-0.010972005731216077,0.0995950873782619,-0.02735845849079953,-0.01704075548999563,0,0.9410084255786344
93292,0.13629241509613457,0.032795649066735204,-0.04461951549385815,0.02852473929728047,-0.22253784045747438,0.13511801599191173,0.013047990822744961,0.0135745114144288,-0.030194211191744622,0.032526302492458276,0.007060490389472792,0.0009712879424004612,0.013033605427092709,-0.0005722124954607236,0.004133331311004314,0.006155190033832501,0.08336471302420576,-0.020385265986889133,-0.005580884990270545,1,0.8304881729254001
94448,0.1448860195474666,0.007401571531142923,-0.05484570679407853,0.037857910039005196,-0.21985617288767803,0.15181563333823378,-0.0027767193363476845,0.005103032724786768,-0.044895720302947466,0.015751935475344495,0.02975435157168046,0.009994947584393657,0.019227218410449106,-0.006086708442834054,-0.003827013430820836,0.015895509919711386,0.08743799027411171,-0.009023966473948132,-0.030020666467600005,0,0.8964587945525808
95926,0.12158212478634953,0.03326773557115072,-0.013262463762581092,0.029613810569680217,-0.21066425291310084,0.12070762108197826,-0.0004280020723371406,0.02234405183272477,-0.05979778770857858,-0.0015798767582972661,0.016468118472043956,0.009584997565361618,0.024568478706192675,0.017411086370830758,0.0024930203787667557,-0.009457007027539415,0.09041768276011612,-0.014227628037708016,0.005795657468543783,1,0.8036714038438815
97989,0.12844998709756414,0.0605870213244308,-0.046851634458310365,0.05349821553677901,-0.21937803975501152,0.13558377636990243,0.011153776200339098,0.019716134047360227,-0.053714504197579595,0.0168588790678899,0.015334614515720381,0.00473141105897279,0.023007898443818117,-0.01526986592931244,0.0013210347475635504,0.005165243339678083,0.09843437379888896,0.0024502917746201647,-0.006867022295215808,1,0.9183737239589573
98736,0.1367060533213011,0.045311557595731605,-0.032133756090844776,0.032625447737135056,-0.2221399653586181,0.15527302832688883,0.023019268121461062,0.011454643478105469,-0.02567625389541178,0.02605818796384625,0.023045757117660416,0.0035086467993732046,-0.005449913476247752,0.013718775527456033,-0.002207126240159554,0.013811367238134241,0.09085414698250194,-0.019718373174620503,-0.013380111788494872,0,0.8960923802339925
99150,0.1285362414322619,0.031065811250508873,-0.02936251421571169,0.03779966667482074,-0.24245185460407656,0.14982579171585003,0.024053464595840107,0.004436382467292473,-0.05898681017347959,0.025140372829129065,0.019659793824713525,0.0011441839612780838,0.015133286738803311,0.0019979245936596647,-0.00476771240437687,0.022538164786007255,0.07294897205241709,-0.03617893079580651,-0.016082113745789984,1,0.9221099928618233
99769,0.1246084766691694,0.0289989933501488,-0.03287647428877854,0.03943200679688131,-0.23522832057565746,0.12480339792280483,0.03280533231906546,0.009114063735655297,-0.04600213669056356,0.017030864382269386,0.019315733585784135,0.017041924477640667,0.008185830533121042,0.007947090597916593,-0.0012193394613922728,0.016165942706597793,0.09610509269577497,0.0006066747679548597,0.00048308907510966493,1,0.857970784632286
100546,0.125826466059197,0.02950356303210683,-0.04472032412227427,0.02344291148718085,-0.21670916718541522,0.1623309331854016,0.01891087335882301,0.031051371944544763,-0.03306011624284251,0.01856332904604062,0.023023293196453295,0.004728840951699459,0.024289175243142985,-0.024305229611324232,-0.005272727259858405,0.009094223197622087,0.10139446945955026,-0.03713324377869403,-0.014858173641516724,1,0.9482184320036882
101082,0.12210711218673036,0.032121351923631136,-0.04311965654851243,0.03063351201886976,-0.2462582638951483,0.14845816861498812,0.021067782415596197,0.03125774681718253,-0.0314827602257183,0.024562432950695125,0.007855445565885754,-0.0006770464075023457,0.0347507727558297,-0.014583844806705113,-0.03497878603809362,0.007742752289967326,0.07793768839453588,-0.023573965501757273,-0.005898399197842663,1,0.939067488555192
101526,0.14286862156334518,0.026307713215326014,-0.02405480281114711,0.019970955316992216,-0.2132677603609913,0.15836491914448253,0.01414984068722362,0.013152324044192327,-0.053834468900698304,0.010229931449826545,0.01797389762911855,-0.007624366475426881,0.014017095400151565,-0.007894025417145793,0.02323267931864785,0.010456675680466333,0.07686566755414906,-0.03056718154617654,-0.019439398111534348,1,0.8842723246270421
101738,0.1264779722362451,0.016511761005919334,-0.03548466550269501,0.022373046321308668,-0.21320765344240836,0.16585604991863978,0.008284966033152296,0.023049893800560495,-0.04625306536127824,0.024888177291188144,0.0117651939885179,0.004060854970023657,-0.014556242065095431,0.007922722360737036,-0.0005831726677535779,0.01370775942340702,0.10076897676626137,-0.022875185590607347,-0.009354242928208745,1,0.8679816016740075
102041,0.13573922320212803,0.013178105477506355,-0.029941231801032024,0.021890206698322933,-0.21892140500328994,0.14850019457674735,0.013904459766425311,0.018516686959964914,-0.06065813111862714,0.02778548020507797,0.021862209028265394,-0.014455504588005838,0.018679547093858963,0.013471064257673103,-0.006592866379044581,0.008625016678001474,0.08509936763102958,-0.0021123307769274546,0.002027496720417441,1,0.8619605279623458
102488,0.1372924832826056,0.02246618141209581,-0.04019182985083278,0.022391491042444367,-0.2289155519677749,0.13090269440290092,0.010003772723662483,0.015449162797218148,-0.04366219726775652,0.012640419528761155,0.04793267673960666,0.0072744320369303355,0.0005749100686037816,-0.005176336598526478,0.009490501520422096,-0.0010647748318934325,0.09164702089406648,-0.0016151095635007192,-0.01557511155785771,0,0.8442666580874604
102629,0.13115566079520247,0.018298445608187008,-0.03161257964306556,0.01606553746893135,-0.2236733011947092,0.1306521308177813,0.026293351457563608,0.015397379821880733,-0.03615690318216591,0.03288943877832851,0.025361542894360625,0.008950082243869995,0.01820006183532016,0.011624532711485173,0.014996019213455322,0.008855390321297344,0.10171676058852236,-0.007717411067667448,-0.0317831693094353,0,0.8913996989532293
102689,0.12615078886866612,0.019434583873673524,-0.04345746222493899,0.02616678446938866,-0.22019130761605432,0.12494352043702578,0.028654446790598313,0.018064179026208618,-0.038576424253515595,0.040921993830271605,0.021209020373548975,0.0036591919802822464,0.01650609969901326,-0.00623227353921615,-0.010636613215563836,-0.0069142752259791695,0.08235285879195633,-0.0074160483585900515,-0.018933421321503326,1,0.8604212938959949
104241,0.12128738831569724,0.017600245183874017,-0.03647768341134235,0.014089874502956056,-0.2141531715095987,0.127067288023084,0.02280202414519009,0.02904211828600537,-0.06675541051775041,0.027202279967864083,0.019078496200333736,0.01475487376563924,0.026200698063318782,0.011604423368548451,-0.014722363786139114,-0.003410431861111433,0.08548934394562743,-0.010863165921070101,-0.011708627444163863,1,0.8743099082193145
104269,0.12757714008888918,0.028398330858217594,-0.03984407382003246,0.029432166126577335,-0.2167994222773707,0.14697815678324916,0.02401934363176799,0.010139887269466076,-0.026370892229880236,0.022684682954065317,0.027315674691968043,0.006472708438277169,0.018882750890481574,-0.0023076715179773575,0.0026753441202630062,0.025658216405610265,0.07767065057290008,-0.015267081068420075,-0.010217154357216342,0,0.85871134810263
105586,0.1467415675793057,0.026459510203881754,-0.03018674833086306,0.034532917029534864,-0.2147541315724727,0.13676037689429582,0.011758228557629515,0.021170639020914244,-0.04206800236407204,0.03455360785256346,0.022321231975511564,0.023998631312153004,0.013061028785868952,-0.012696433740791,-0.006761747944036357,-0.0028606102673825614,0.10734733701029595,-0.019492694381448523,0.007569996843265498,1,0.9150954416662865
105881,0.11365929897593803,0.022617241709902904,-0.025313755067891977,0.04451181543941968,-0.2006410685040127,0.13589551534246364,0.014084500736263023,0.016878892458264138,-0.028421477380918964,0.01132050988754733,0.020677219321276988,0.012499293483874506,-0.0071527921626211265,-0.004142060867114247,-0.004732365563653831,-0.02553795774737556,0.07908525421165716,-0.026751018573832407,-0.03463277666101777,0,0.8285548140950459
107292,0.13227745942875602,0.035702831046652235,-0.047419902467912035,0.030372476146270422,-0.2214084515932798,0.13139453374347707,0.008874304340748013,-0.0041836707423336715,-0.031166175845947865,0.010631113717836635,0.0299972488193903,-0.0025083313874404768,0.023746089712677963,0.0016082687462292855,-0.025766822349470742,-0.008238504981019149,0.09489053241796533,-0.005421236496002207,-0.023287594569807727,0,0.8688955485532169
108737,0.13743866971985794,0.025029007252164902,-0.0404226585855302,0.012691520016953697,-0.23311745255487887,0.1570778233548574,0.009012950532896143,0.022703154557528138,-0.05054795770952817,0.017810833544840685,0.026417555586231576,0.023759437549124938,0.0224941892523857,-0.006487672827929441,0.015711507067502642,0.016030530694371336,0.07833369247462002,-0.011666672149435632,-0.01096162481691705,0,0.9177149102475545
109018,0.1313250152747681,0.039597994260539685,-0.022633956699037575,0.024640994988706838,-0.21753356452894196,0.13425928070054327,0.014598070869803506,0.00015217590421063603,-0.04063496707835264,0.022891200195599426,0.030895613638190347,-0.026345637218256755,0.026366520386417038,-0.019979622338947935,0.010322725694354691,0.023817097953894688,0.09724677309436291,-0.00048282937462707583,-0.009380683382450187,0,0.8931047235820052
109049,0.13777303769801888,0.003579775930063635,-0.029706404017586313,0.02248800322313143,-0.2150498077259153,0.1463918958063403,0.007550582195114594,-0.005285433279617481,-0.03337155429033488,0.014262522097817143,0.03134058625247714,-0.005174482550877005,0.004344600987688284,0.008261676500822183,-0.016329214068944973,0.0073839782398989265,0.09923450170024056,-0.02884591862719954,0.00639626596159399,0,0.8227702411536826
109090,0.15013863809939493,0.02102114989385478,-0.037643642002469856,0.03149308670523974,-0.2063645784476291,0.1374747807163583,0.00608095111891388,0.0194142278472234,-0.038942008510510745,0.028215956481056816,0.013446409659979567,0.014060356443107805,0.022955945827502666,-0.004933100362391387,0.007643829452043992,-0.005923229036642711,0.09755920366687389,-0.008615170984330577,-0.0034446299136942967,0,0.8553708951692184
109468,0.14234789143084461,0.024737107966474915,-0.024552989796234305,0.01469306388544964,-0.19962940403167992,0.15473376806336916,0.021236258758775012,0.020661062825079603,-0.03674989385468225,0.04201624953918223,0.004814653099976321,0.006620003755992843,0.017166274325198592,-0.011904881840118935,0.005935711043307767,-0.018533513525202893,0.0908822200498746,-0.006029189804341626,-0.013325997958782487,0,0.8565701355545677
109655,0.14207206679372975,0.023161251064032367,-0.027151043004312855,0.027285783621117346,-0.22776830917596003,0.1532035603666772,0.010481307439235695,0.005820434450131597,-0.04588971947367404,0.022082918880980143,0.03481923097641477,0.010820452642222965,0.03648719243929701,-0.005787470400610669,-0.019442370430269303,0.012564847053056955,0.08957150745386795,-0.025770513913606328,-0.0020160556903920782,0,0.922196035269589
109880,0.12949959431991745,0.02605087649570699,-0.031896864733925626,0.019195062380449452,-0.21722929812921407,0.14995213674736907,0.022815771295518306,0.01881807363948418,-0.047868389368085816,0.015000647039172919,0.038847211151590566,0.020606077409247914,0.015880766143140358,0.03438059197660276,0.016456606504218457,0.014639480246645036,0.11667440439242144,-0.02635912828358462,-0.025386142481298366,1,0.9875571227375934
110270,0.08416632340107601,0.01797541257276763,-0.028400429935339186,0.014178432392794033,-0.1339904092747116,0.0986111794488178,0.011319675618772802,0.010267183653612504,-0.01700752029239149,0.032430296502143664,0.008470959826007492,0.013444321733022117,0.015303639911979328,0.007102984169631256,0.0011008585415800685,0.0110412415350997,0.07333696265179819,-0.013018788319804743,0.005622743843308034,1,0.5967893636246576
111111,0.11911269769244925,0.04834094153986335,-0.03243689958050236,0.027646065454690387,-0.22182508163433254,0.13745311112842148,0.014007991781423316,0.020695331469921578,-0.03955689954975612,0.02205033101786104,0.016733093393689547,-0.005682067435666367,0.020892786515259883,-0.01825656907826357,0.004928431509965674,0.014068186656911258,0.0840897504850302,-0.006466355351148934,-0.0257253332366513,0,0.8799679245118082
111312,0.14144097667689215,0.023209556394223365,-0.026504093003559652,0.038683137208129034,-0.21020224797954176,0.16240847863875485,0.0026077539928270423,0.015726507377143453,-0.04450250055566185,0.03581043944523436,0.01726081504827724,0.016280278858946836,0.0002683163194102166,-0.006595266378990261,-0.010628674564292133,0.004290277426231348,0.09618294215427475,-0.022107437085858356,-0.0046952497070432255,1,0.8794049488152919
112047,0.12600402541467465,0.010206466100882015,-0.026418181214496846,0.03199978124024983,-0.2249943395919527,0.1276253101137637,0.028156209299974047,0.0038208563648117946,-0.04057681734289441,0.027390344838070277,0.025130054590208943,0.0030817740055325647,0.0010283042441962557,-0.006712366183433711,-0.006389655737796361,0.007129844352452051,0.09282504728861418,-0.023287280557019056,-0.0051471037241942715,0,0.8179237622052177
